date,hour,stationID,AQI,PM2.5,PM2.5_24h,PM10,PM10_24h,SO2,SO2_24h,NO2,NO2_24h,O3,O3_24h,O3_8h,O3_8h_24h,CO,CO_24h
20190401,0,1316A,87.0,50.0,36.0,124.0,107.0,18.0,10.0,66.0,38.0,47.0,132.0,88.0,114.0,0.7,0.7
20190401,1,1316A,79.0,45.0,37.0,107.0,107.0,10.0,11.0,47.0,38.0,69.0,132.0,69.0,69.0,0.6,0.7
20190401,2,1316A,69.0,41.0,37.0,87.0,106.0,7.0,11.0,33.0,38.0,81.0,132.0,75.0,75.0,0.6,0.7
20190401,3,1316A,66.0,40.0,38.0,82.0,106.0,8.0,11.0,41.0,39.0,69.0,132.0,73.0,75.0,0.7,0.7
20190401,4,1316A,73.0,39.0,38.0,95.0,105.0,9.0,11.0,47.0,39.0,62.0,132.0,70.0,75.0,0.7,0.7
20190401,5,1316A,76.0,42.0,39.0,101.0,104.0,16.0,11.0,58.0,40.0,47.0,132.0,66.0,75.0,0.7,0.7
20190401,6,1316A,78.0,43.0,39.0,106.0,104.0,14.0,12.0,77.0,41.0,29.0,132.0,60.0,75.0,0.8,0.7
20190401,7,1316A,75.0,47.0,40.0,100.0,103.0,12.0,12.0,89.0,43.0,21.0,132.0,54.0,75.0,0.8,0.7
20190401,8,1316A,99.0,60.0,41.0,148.0,105.0,14.0,12.0,96.0,45.0,13.0,132.0,49.0,75.0,0.9,0.7
20190401,9,1316A,117.0,74.0,43.0,184.0,108.0,16.0,12.0,87.0,47.0,24.0,132.0,43.0,75.0,1.0,0.7
20190401,10,1316A,117.0,79.0,45.0,183.0,111.0,15.0,12.0,82.0,48.0,40.0,132.0,38.0,75.0,1.0,0.7
20190401,11,1316A,127.0,83.0,46.0,203.0,114.0,15.0,12.0,76.0,50.0,53.0,132.0,36.0,75.0,0.9,0.7
20190401,12,1316A,107.0,65.0,47.0,163.0,115.0,15.0,12.0,45.0,50.0,86.0,132.0,39.0,75.0,0.9,0.7
20190401,13,1316A,97.0,43.0,47.0,144.0,117.0,14.0,12.0,25.0,50.0,101.0,132.0,46.0,75.0,0.9,0.7
20190401,14,1316A,88.0,40.0,47.0,126.0,118.0,10.0,12.0,18.0,50.0,113.0,132.0,56.0,75.0,0.8,0.8
20190401,15,1316A,94.0,44.0,48.0,138.0,121.0,10.0,12.0,20.0,50.0,118.0,132.0,68.0,75.0,0.8,0.8
20190401,16,1316A,103.0,46.0,48.0,155.0,125.0,11.0,12.0,23.0,51.0,123.0,128.0,82.0,82.0,0.8,0.8
20190401,17,1316A,99.0,47.0,49.0,148.0,128.0,11.0,12.0,27.0,51.0,122.0,123.0,94.0,94.0,0.8,0.8
20190401,18,1316A,92.0,45.0,50.0,133.0,131.0,10.0,12.0,34.0,51.0,114.0,123.0,104.0,104.0,0.8,0.8
20190401,19,1316A,92.0,51.0,50.0,133.0,133.0,11.0,12.0,38.0,51.0,114.0,123.0,111.0,111.0,0.8,0.8
20190401,20,1316A,89.0,44.0,50.0,127.0,132.0,9.0,12.0,45.0,51.0,91.0,123.0,112.0,112.0,0.8,0.8
20190401,21,1316A,88.0,49.0,50.0,125.0,132.0,9.0,12.0,51.0,52.0,81.0,123.0,110.0,112.0,0.8,0.8
20190401,22,1316A,87.0,47.0,50.0,123.0,132.0,8.0,12.0,56.0,52.0,68.0,123.0,104.0,112.0,0.8,0.8
20190401,23,1316A,86.0,49.0,51.0,122.0,132.0,8.0,12.0,72.0,52.0,48.0,123.0,95.0,112.0,0.9,0.8
20190402,0,1316A,103.0,52.0,51.0,155.0,133.0,10.0,11.0,112.0,54.0,10.0,123.0,81.0,112.0,0.9,0.8
20190402,1,1316A,112.0,56.0,51.0,174.0,136.0,12.0,11.0,114.0,57.0,5.0,123.0,5.0,5.0,0.9,0.8
20190402,2,1316A,110.0,62.0,52.0,169.0,139.0,13.0,12.0,113.0,60.0,4.0,123.0,4.0,5.0,0.8,0.8
20190402,3,1316A,110.0,67.0,53.0,169.0,143.0,14.0,12.0,108.0,63.0,5.0,123.0,5.0,5.0,0.9,0.8
20190402,4,1316A,160.0,122.0,57.0,184.0,146.0,14.0,12.0,103.0,65.0,5.0,123.0,5.0,5.0,0.9,0.8
20190402,5,1316A,119.0,86.0,58.0,188.0,150.0,16.0,12.0,99.0,67.0,5.0,123.0,5.0,5.0,1.0,0.9
20190402,6,1316A,128.0,97.0,61.0,182.0,153.0,16.0,12.0,96.0,68.0,5.0,123.0,5.0,5.0,1.0,0.9
20190402,7,1316A,127.0,96.0,63.0,188.0,157.0,16.0,12.0,92.0,68.0,7.0,123.0,5.0,5.0,1.0,0.9
20190402,8,1316A,125.0,95.0,64.0,185.0,158.0,16.0,12.0,85.0,68.0,14.0,123.0,6.0,6.0,1.1,0.9
20190402,9,1316A,130.0,99.0,65.0,183.0,158.0,16.0,12.0,82.0,67.0,22.0,123.0,8.0,8.0,1.2,0.9
20190402,10,1316A,139.0,106.0,66.0,195.0,159.0,16.0,12.0,83.0,67.0,26.0,123.0,11.0,11.0,1.2,0.9
20190402,11,1316A,144.0,110.0,67.0,201.0,159.0,16.0,13.0,86.0,68.0,31.0,123.0,14.0,14.0,1.2,0.9
20190402,12,1316A,147.0,112.0,69.0,196.0,160.0,18.0,13.0,80.0,69.0,44.0,123.0,19.0,19.0,1.1,0.9
20190402,13,1316A,147.0,112.0,72.0,203.0,163.0,16.0,13.0,68.0,71.0,57.0,123.0,26.0,26.0,1.0,0.9
20190402,14,1316A,145.0,111.0,75.0,185.0,165.0,14.0,13.0,60.0,73.0,76.0,123.0,35.0,35.0,1.0,0.9
20190402,15,1316A,165.0,114.0,78.0,279.0,171.0,13.0,13.0,51.0,74.0,91.0,123.0,45.0,45.0,1.0,0.9
20190402,16,1316A,158.0,120.0,81.0,213.0,173.0,12.0,13.0,46.0,75.0,109.0,122.0,57.0,57.0,1.0,1.0
20190402,17,1316A,166.0,126.0,84.0,192.0,175.0,12.0,13.0,37.0,75.0,126.0,126.0,70.0,70.0,1.0,1.0
20190402,18,1316A,169.0,128.0,88.0,182.0,177.0,11.0,13.0,38.0,76.0,121.0,126.0,82.0,82.0,1.2,1.0
20190402,19,1316A,169.0,128.0,91.0,178.0,179.0,12.0,13.0,45.0,76.0,116.0,126.0,92.0,92.0,1.2,1.0
20190402,20,1316A,166.0,126.0,95.0,168.0,181.0,11.0,13.0,44.0,76.0,110.0,126.0,101.0,101.0,1.2,1.0
20190402,21,1316A,176.0,133.0,98.0,174.0,183.0,12.0,13.0,50.0,76.0,93.0,126.0,105.0,105.0,1.2,1.0
20190402,22,1316A,162.0,123.0,101.0,179.0,185.0,14.0,14.0,56.0,76.0,79.0,126.0,106.0,106.0,1.1,1.0
20190402,23,1316A,149.0,114.0,104.0,182.0,188.0,14.0,14.0,66.0,76.0,64.0,126.0,102.0,106.0,1.0,1.0
20190403,0,1316A,153.0,117.0,107.0,181.0,189.0,16.0,14.0,61.0,73.0,67.0,126.0,97.0,106.0,1.1,1.1
20190403,1,1316A,147.0,112.0,109.0,183.0,189.0,16.0,14.0,61.0,71.0,65.0,126.0,65.0,65.0,1.1,1.1
20190403,2,1316A,145.0,111.0,111.0,179.0,190.0,17.0,14.0,58.0,69.0,65.0,126.0,65.0,65.0,1.1,1.1
20190403,3,1316A,148.0,113.0,113.0,187.0,190.0,17.0,15.0,69.0,67.0,50.0,126.0,60.0,65.0,1.1,1.1
20190403,4,1316A,156.0,119.0,113.0,185.0,190.0,18.0,15.0,63.0,66.0,57.0,126.0,59.0,65.0,1.1,1.1
20190403,5,1316A,156.0,119.0,114.0,191.0,190.0,18.0,15.0,63.0,64.0,57.0,126.0,59.0,65.0,1.2,1.1
20190403,6,1316A,158.0,120.0,115.0,201.0,191.0,19.0,15.0,71.0,63.0,45.0,126.0,56.0,65.0,1.2,1.1
20190403,7,1316A,142.0,108.0,116.0,195.0,192.0,19.0,15.0,69.0,62.0,49.0,126.0,55.0,65.0,1.3,1.1
20190403,8,1316A,132.0,100.0,116.0,172.0,191.0,18.0,15.0,78.0,62.0,51.0,126.0,55.0,65.0,1.3,1.1
20190403,9,1316A,120.0,91.0,116.0,173.0,191.0,18.0,15.0,68.0,61.0,71.0,126.0,56.0,65.0,1.2,1.1
20190403,10,1316A,100.0,75.0,114.0,134.0,188.0,14.0,15.0,51.0,60.0,95.0,126.0,59.0,65.0,1.0,1.1
20190403,11,1316A,103.0,77.0,113.0,123.0,185.0,12.0,15.0,35.0,58.0,129.0,129.0,69.0,69.0,1.0,1.1
20190403,12,1316A,,,,,,,,,,,,,,,
20190403,13,1316A,,,,,,,,,,,,,,,
20190403,14,1316A,,,113.0,,183.0,,15.0,,56.0,,129.0,79.0,79.0,,1.1
20190403,15,1316A,178.0,134.0,114.0,147.0,177.0,10.0,15.0,30.0,55.0,176.0,176.0,104.0,104.0,0.9,1.1
20190403,16,1316A,155.0,118.0,114.0,149.0,174.0,10.0,15.0,30.0,54.0,185.0,185.0,131.0,131.0,0.8,1.1
20190403,17,1316A,168.0,127.0,114.0,149.0,172.0,12.0,15.0,28.0,54.0,201.0,201.0,157.0,157.0,1.0,1.1
20190403,18,1316A,175.0,132.0,114.0,150.0,170.0,13.0,15.0,30.0,54.0,201.0,201.0,178.0,178.0,1.0,1.1
20190403,19,1316A,182.0,137.0,115.0,176.0,170.0,16.0,15.0,38.0,53.0,186.0,201.0,190.0,190.0,1.1,1.1
20190403,20,1316A,178.0,134.0,115.0,182.0,171.0,15.0,15.0,48.0,53.0,162.0,201.0,185.0,190.0,1.1,1.1
20190403,21,1316A,190.0,143.0,115.0,195.0,172.0,13.0,15.0,55.0,54.0,143.0,201.0,179.0,190.0,1.1,1.1
20190403,22,1316A,189.0,142.0,116.0,203.0,173.0,15.0,15.0,72.0,54.0,108.0,201.0,170.0,190.0,1.2,1.1
20190403,23,1316A,,,116.0,,173.0,19.0,15.0,72.0,55.0,94.0,201.0,160.0,190.0,1.2,1.1
20190404,0,1316A,,,116.0,,172.0,21.0,16.0,48.0,54.0,114.0,201.0,151.0,190.0,1.2,1.1
20190404,1,1316A,159.0,121.0,117.0,184.0,172.0,14.0,16.0,34.0,53.0,126.0,201.0,126.0,126.0,1.1,1.1
20190404,2,1316A,145.0,111.0,117.0,158.0,171.0,11.0,15.0,36.0,52.0,119.0,201.0,122.0,126.0,1.0,1.1
20190404,3,1316A,142.0,108.0,117.0,154.0,170.0,14.0,15.0,44.0,51.0,104.0,201.0,116.0,126.0,1.0,1.1
20190404,4,1316A,142.0,108.0,116.0,165.0,168.0,17.0,15.0,56.0,50.0,89.0,201.0,110.0,126.0,1.0,1.1
20190404,5,1316A,144.0,110.0,116.0,182.0,168.0,27.0,16.0,51.0,50.0,89.0,201.0,105.0,126.0,1.0,1.1
20190404,6,1316A,150.0,115.0,115.0,170.0,166.0,34.0,16.0,64.0,49.0,70.0,201.0,100.0,126.0,1.1,1.1
20190404,7,1316A,155.0,118.0,116.0,176.0,165.0,33.0,17.0,87.0,50.0,52.0,201.0,93.0,126.0,1.2,1.1
20190404,8,1316A,165.0,125.0,117.0,190.0,166.0,32.0,18.0,108.0,52.0,35.0,201.0,86.0,126.0,1.2,1.1
20190404,9,1316A,163.0,124.0,119.0,206.0,168.0,31.0,18.0,103.0,53.0,52.0,201.0,76.0,126.0,1.2,1.1
20190404,10,1316A,150.0,115.0,121.0,206.0,172.0,23.0,19.0,86.0,55.0,82.0,201.0,72.0,126.0,1.2,1.1
20190404,11,1316A,143.0,109.0,123.0,179.0,175.0,18.0,19.0,63.0,56.0,119.0,201.0,74.0,126.0,1.1,1.1
20190404,12,1316A,138.0,105.0,122.0,171.0,175.0,17.0,19.0,48.0,56.0,146.0,201.0,81.0,126.0,1.0,1.1
20190404,13,1316A,120.0,91.0,120.0,145.0,173.0,15.0,19.0,29.0,55.0,183.0,201.0,92.0,126.0,0.9,1.1
20190404,14,1316A,120.0,91.0,119.0,134.0,171.0,14.0,18.0,25.0,54.0,195.0,201.0,108.0,126.0,0.8,1.1
20190404,15,1316A,90.0,57.0,116.0,129.0,171.0,9.0,18.0,20.0,53.0,191.0,201.0,125.0,126.0,0.8,1.1
20190404,16,1316A,83.0,47.0,112.0,98.0,168.0,8.0,18.0,20.0,53.0,186.0,201.0,144.0,144.0,0.7,1.1
20190404,17,1316A,75.0,46.0,109.0,100.0,166.0,8.0,18.0,29.0,53.0,180.0,201.0,160.0,160.0,0.7,1.0
20190404,18,1316A,75.0,50.0,105.0,100.0,164.0,8.0,18.0,35.0,53.0,171.0,195.0,171.0,171.0,0.8,1.0
20190404,19,1316A,87.0,59.0,101.0,123.0,161.0,8.0,18.0,44.0,53.0,157.0,195.0,176.0,176.0,0.8,1.0
20190404,20,1316A,97.0,54.0,98.0,143.0,160.0,7.0,17.0,49.0,53.0,129.0,195.0,174.0,176.0,0.8,1.0
20190404,21,1316A,99.0,55.0,94.0,148.0,157.0,8.0,17.0,50.0,53.0,122.0,195.0,166.0,176.0,0.8,1.0
20190404,22,1316A,97.0,52.0,90.0,143.0,155.0,11.0,17.0,47.0,52.0,118.0,195.0,157.0,176.0,0.8,1.0
20190404,23,1316A,92.0,47.0,88.0,134.0,154.0,14.0,17.0,53.0,51.0,100.0,195.0,145.0,176.0,0.8,1.0
20190405,0,1316A,89.0,44.0,86.0,127.0,153.0,19.0,17.0,55.0,52.0,92.0,195.0,134.0,176.0,0.8,0.9
20190405,1,1316A,115.0,51.0,83.0,180.0,153.0,19.0,17.0,69.0,53.0,69.0,195.0,69.0,69.0,0.9,0.9
20190405,2,1316A,98.0,52.0,81.0,146.0,152.0,17.0,17.0,98.0,56.0,43.0,195.0,56.0,69.0,0.9,0.9
20190405,3,1316A,89.0,52.0,78.0,127.0,151.0,14.0,17.0,67.0,56.0,75.0,195.0,62.0,69.0,0.8,0.9
20190405,4,1316A,85.0,47.0,76.0,120.0,149.0,12.0,17.0,55.0,56.0,87.0,195.0,68.0,69.0,0.8,0.9
20190405,5,1316A,80.0,44.0,73.0,109.0,146.0,11.0,16.0,40.0,56.0,97.0,195.0,74.0,74.0,0.8,0.9
20190405,6,1316A,79.0,44.0,70.0,108.0,143.0,12.0,15.0,32.0,55.0,102.0,195.0,79.0,79.0,0.8,0.9
20190405,7,1316A,80.0,46.0,67.0,110.0,141.0,14.0,15.0,42.0,53.0,98.0,195.0,82.0,82.0,0.9,0.9
20190405,8,1316A,90.0,48.0,64.0,130.0,138.0,17.0,14.0,51.0,50.0,92.0,195.0,83.0,83.0,1.0,0.9
20190405,9,1316A,90.0,51.0,61.0,130.0,135.0,18.0,13.0,59.0,49.0,88.0,195.0,85.0,85.0,1.0,0.9
20190405,10,1316A,91.0,52.0,58.0,132.0,132.0,18.0,13.0,54.0,47.0,104.0,195.0,93.0,93.0,1.0,0.9
20190405,11,1316A,95.0,56.0,56.0,139.0,130.0,19.0,13.0,47.0,47.0,117.0,195.0,98.0,98.0,1.0,0.9
20190405,12,1316A,110.0,83.0,55.0,160.0,130.0,18.0,13.0,48.0,47.0,126.0,195.0,103.0,103.0,1.1,0.9
20190405,13,1316A,117.0,88.0,55.0,169.0,131.0,18.0,13.0,42.0,47.0,153.0,195.0,110.0,110.0,1.1,0.9
20190405,14,1316A,117.0,88.0,55.0,175.0,132.0,17.0,14.0,42.0,48.0,169.0,191.0,118.0,118.0,1.1,0.9
20190405,15,1316A,113.0,80.0,56.0,176.0,134.0,16.0,14.0,35.0,48.0,187.0,187.0,130.0,130.0,1.1,0.9
20190405,16,1316A,113.0,81.0,57.0,175.0,138.0,14.0,14.0,31.0,49.0,202.0,202.0,143.0,143.0,1.0,0.9
20190405,17,1316A,125.0,95.0,59.0,193.0,142.0,14.0,14.0,28.0,49.0,212.0,212.0,159.0,159.0,1.1,0.9
20190405,18,1316A,139.0,92.0,61.0,227.0,147.0,20.0,15.0,40.0,49.0,206.0,212.0,172.0,172.0,1.1,0.9
20190405,19,1316A,138.0,66.0,61.0,225.0,151.0,15.0,15.0,30.0,48.0,185.0,212.0,180.0,180.0,0.9,0.9
20190405,20,1316A,111.0,51.0,61.0,171.0,152.0,12.0,15.0,29.0,48.0,160.0,212.0,184.0,184.0,0.9,0.9
20190405,21,1316A,99.0,50.0,61.0,148.0,152.0,11.0,15.0,35.0,47.0,139.0,212.0,182.0,184.0,0.9,0.9
20190405,22,1316A,90.0,51.0,61.0,130.0,152.0,12.0,15.0,39.0,47.0,125.0,212.0,177.0,184.0,0.9,0.9
20190405,23,1316A,89.0,49.0,61.0,127.0,151.0,12.0,15.0,35.0,46.0,120.0,212.0,169.0,184.0,0.8,0.9
20190406,0,1316A,87.0,46.0,61.0,123.0,151.0,12.0,15.0,39.0,45.0,102.0,212.0,156.0,184.0,0.8,0.9
20190406,1,1316A,82.0,44.0,61.0,113.0,148.0,14.0,15.0,37.0,44.0,94.0,212.0,94.0,94.0,0.8,0.9
20190406,2,1316A,78.0,46.0,60.0,106.0,147.0,18.0,15.0,33.0,41.0,92.0,212.0,93.0,94.0,0.8,0.9
20190406,3,1316A,78.0,43.0,60.0,105.0,146.0,15.0,15.0,41.0,40.0,78.0,212.0,88.0,94.0,0.8,0.9
20190406,4,1316A,78.0,42.0,60.0,105.0,145.0,13.0,15.0,51.0,40.0,62.0,212.0,82.0,94.0,0.8,0.9
20190406,5,1316A,73.0,43.0,60.0,96.0,145.0,12.0,15.0,67.0,41.0,42.0,212.0,74.0,94.0,0.9,0.9
20190406,6,1316A,77.0,47.0,60.0,103.0,144.0,10.0,15.0,85.0,43.0,19.0,212.0,64.0,94.0,0.9,0.9
20190406,7,1316A,84.0,52.0,60.0,118.0,145.0,11.0,15.0,101.0,46.0,10.0,212.0,57.0,94.0,1.2,1.0
20190406,8,1316A,132.0,100.0,62.0,212.0,148.0,15.0,15.0,100.0,48.0,21.0,212.0,52.0,94.0,1.1,1.0
20190406,9,1316A,169.0,119.0,65.0,287.0,155.0,13.0,15.0,33.0,47.0,68.0,212.0,49.0,94.0,1.1,1.0
20190406,10,1316A,260.0,73.0,66.0,392.0,166.0,10.0,14.0,27.0,46.0,76.0,212.0,47.0,94.0,0.9,1.0
20190406,11,1316A,195.0,55.0,66.0,340.0,174.0,9.0,14.0,25.0,45.0,85.0,212.0,48.0,94.0,0.8,1.0
20190406,12,1316A,162.0,53.0,65.0,274.0,179.0,9.0,13.0,26.0,44.0,90.0,212.0,51.0,94.0,0.8,0.9
20190406,13,1316A,161.0,59.0,64.0,272.0,183.0,9.0,13.0,25.0,43.0,99.0,212.0,58.0,94.0,0.9,0.9
20190406,14,1316A,310.0,65.0,63.0,428.0,194.0,10.0,13.0,25.0,42.0,110.0,212.0,70.0,94.0,0.9,0.9
20190406,15,1316A,,78.0,62.0,,194.0,9.0,12.0,25.0,42.0,118.0,212.0,83.0,94.0,0.9,0.9
20190406,16,1316A,189.0,68.0,62.0,328.0,201.0,9.0,12.0,25.0,42.0,119.0,212.0,96.0,96.0,0.9,0.9
20190406,17,1316A,210.0,62.0,61.0,357.0,208.0,9.0,12.0,24.0,42.0,119.0,206.0,102.0,102.0,0.8,0.9
20190406,18,1316A,183.0,54.0,59.0,315.0,212.0,9.0,12.0,24.0,41.0,121.0,185.0,108.0,108.0,0.9,0.9
20190406,19,1316A,233.0,45.0,58.0,373.0,218.0,12.0,11.0,27.0,41.0,115.0,160.0,111.0,111.0,0.9,0.9
20190406,20,1316A,164.0,46.0,58.0,278.0,223.0,16.0,12.0,32.0,41.0,94.0,139.0,112.0,112.0,1.1,0.9
20190406,21,1316A,159.0,47.0,58.0,268.0,228.0,15.0,12.0,34.0,41.0,82.0,125.0,110.0,112.0,1.2,0.9
20190406,22,1316A,150.0,48.0,58.0,249.0,233.0,16.0,12.0,35.0,41.0,81.0,121.0,106.0,112.0,1.3,0.9
20190406,23,1316A,143.0,50.0,58.0,236.0,238.0,16.0,12.0,35.0,41.0,80.0,121.0,101.0,112.0,1.3,1.0
20190407,0,1316A,135.0,51.0,58.0,220.0,242.0,14.0,12.0,37.0,41.0,76.0,121.0,96.0,112.0,1.3,1.0
20190407,1,1316A,134.0,52.0,58.0,218.0,247.0,15.0,12.0,37.0,41.0,76.0,121.0,76.0,76.0,1.3,1.0
20190407,2,1316A,142.0,52.0,58.0,233.0,252.0,16.0,12.0,39.0,41.0,73.0,121.0,74.0,76.0,1.4,1.0
20190407,3,1316A,144.0,54.0,59.0,237.0,258.0,18.0,12.0,44.0,41.0,62.0,121.0,70.0,76.0,1.5,1.0
20190407,4,1316A,131.0,57.0,60.0,212.0,263.0,21.0,13.0,38.0,40.0,59.0,121.0,68.0,76.0,1.7,1.1
20190407,5,1316A,134.0,60.0,60.0,218.0,268.0,23.0,13.0,45.0,40.0,47.0,121.0,63.0,76.0,1.7,1.1
20190407,6,1316A,141.0,60.0,61.0,231.0,274.0,26.0,14.0,54.0,38.0,38.0,121.0,59.0,76.0,1.8,1.2
20190407,7,1316A,142.0,60.0,61.0,233.0,279.0,24.0,14.0,59.0,36.0,39.0,121.0,56.0,76.0,1.7,1.2
20190407,8,1316A,140.0,58.0,59.0,230.0,280.0,26.0,15.0,59.0,35.0,46.0,121.0,55.0,76.0,1.6,1.2
20190407,9,1316A,139.0,58.0,57.0,228.0,277.0,23.0,15.0,60.0,36.0,49.0,121.0,52.0,76.0,1.5,1.2
20190407,10,1316A,137.0,61.0,56.0,223.0,270.0,27.0,16.0,52.0,37.0,62.0,121.0,50.0,76.0,1.6,1.2
20190407,11,1316A,144.0,64.0,57.0,238.0,265.0,26.0,17.0,46.0,38.0,80.0,121.0,52.0,76.0,1.6,1.3
20190407,12,1316A,136.0,67.0,57.0,221.0,263.0,22.0,17.0,43.0,38.0,,121.0,52.0,76.0,1.5,1.3
20190407,13,1316A,158.0,69.0,58.0,266.0,263.0,19.0,18.0,38.0,39.0,,121.0,52.0,76.0,1.4,1.3
20190407,14,1316A,136.0,73.0,58.0,222.0,254.0,17.0,18.0,39.0,40.0,,121.0,55.0,76.0,1.3,1.3
20190407,15,1316A,137.0,78.0,58.0,224.0,252.0,16.0,18.0,39.0,40.0,,121.0,59.0,76.0,1.2,1.4
20190407,16,1316A,,,58.0,,249.0,15.0,18.0,34.0,41.0,157.0,157.0,87.0,87.0,1.2,1.4
20190407,17,1316A,,,57.0,,244.0,11.0,18.0,,41.0,170.0,170.0,117.0,117.0,,1.4
20190407,18,1316A,131.0,66.0,58.0,212.0,240.0,,19.0,29.0,42.0,176.0,176.0,146.0,146.0,0.6,1.4
20190407,19,1316A,129.0,76.0,59.0,207.0,232.0,26.0,19.0,40.0,42.0,166.0,176.0,167.0,167.0,0.6,1.4
20190407,20,1316A,131.0,84.0,61.0,212.0,229.0,24.0,20.0,42.0,43.0,146.0,176.0,163.0,167.0,0.6,1.3
20190407,21,1316A,130.0,84.0,63.0,210.0,226.0,11.0,20.0,41.0,43.0,128.0,176.0,157.0,167.0,0.6,1.3
20190407,22,1316A,126.0,77.0,64.0,201.0,224.0,20.0,20.0,49.0,43.0,105.0,176.0,150.0,167.0,0.6,1.3
20190407,23,1316A,126.0,82.0,66.0,201.0,223.0,31.0,20.0,58.0,44.0,85.0,176.0,142.0,167.0,0.6,1.3
20190408,0,1316A,131.0,93.0,68.0,212.0,222.0,25.0,21.0,62.0,46.0,74.0,176.0,131.0,167.0,0.7,1.2
20190408,1,1316A,136.0,99.0,70.0,222.0,222.0,25.0,21.0,82.0,47.0,47.0,176.0,47.0,47.0,0.7,1.2
20190408,2,1316A,142.0,103.0,72.0,234.0,222.0,29.0,22.0,89.0,50.0,33.0,176.0,40.0,47.0,0.8,1.2
20190408,3,1316A,145.0,88.0,74.0,240.0,223.0,16.0,22.0,96.0,52.0,24.0,176.0,35.0,47.0,0.6,1.1
20190408,4,1316A,140.0,100.0,75.0,230.0,223.0,10.0,21.0,56.0,53.0,57.0,176.0,40.0,47.0,0.6,1.1
20190408,5,1316A,142.0,105.0,78.0,234.0,224.0,10.0,21.0,41.0,53.0,66.0,176.0,45.0,47.0,0.6,1.0
20190408,6,1316A,142.0,108.0,80.0,224.0,224.0,9.0,20.0,43.0,52.0,62.0,176.0,48.0,48.0,0.6,1.0
20190408,7,1316A,145.0,105.0,82.0,240.0,224.0,8.0,19.0,51.0,52.0,42.0,176.0,47.0,48.0,0.7,0.9
20190408,8,1316A,144.0,110.0,84.0,237.0,224.0,9.0,19.0,45.0,51.0,40.0,176.0,46.0,48.0,0.7,0.9
20190408,9,1316A,159.0,121.0,87.0,247.0,225.0,10.0,18.0,48.0,51.0,30.0,176.0,44.0,48.0,0.8,0.9
20190408,10,1316A,187.0,132.0,90.0,323.0,230.0,16.0,18.0,54.0,51.0,34.0,176.0,44.0,48.0,1.1,0.9
20190408,11,1316A,205.0,155.0,94.0,342.0,235.0,12.0,17.0,42.0,50.0,42.0,176.0,47.0,48.0,1.0,0.8
20190408,12,1316A,186.0,134.0,97.0,322.0,239.0,9.0,16.0,40.0,50.0,40.0,176.0,44.0,48.0,0.9,0.8
20190408,13,1316A,182.0,109.0,99.0,313.0,241.0,12.0,16.0,39.0,50.0,61.0,176.0,44.0,48.0,1.0,0.8
20190408,14,1316A,308.0,98.0,100.0,426.0,251.0,10.0,16.0,33.0,50.0,76.0,176.0,46.0,48.0,0.8,0.8
20190408,15,1316A,246.0,93.0,101.0,382.0,258.0,7.0,15.0,37.0,50.0,68.0,176.0,49.0,49.0,0.9,0.8
20190408,16,1316A,153.0,71.0,100.0,256.0,258.0,5.0,15.0,38.0,50.0,59.0,176.0,51.0,51.0,0.8,0.7
20190408,17,1316A,228.0,54.0,98.0,369.0,262.0,8.0,15.0,32.0,49.0,70.0,176.0,56.0,56.0,0.6,0.7
20190408,18,1316A,195.0,40.0,97.0,339.0,268.0,8.0,15.0,30.0,50.0,72.0,166.0,61.0,61.0,0.4,0.7
20190408,19,1316A,159.0,32.0,95.0,267.0,270.0,10.0,14.0,32.0,49.0,71.0,146.0,65.0,65.0,0.4,0.7
20190408,20,1316A,136.0,31.0,93.0,222.0,271.0,10.0,13.0,34.0,49.0,70.0,128.0,68.0,68.0,0.4,0.7
20190408,21,1316A,141.0,29.0,90.0,232.0,271.0,10.0,13.0,30.0,48.0,72.0,105.0,70.0,70.0,0.4,0.7
20190408,22,1316A,121.0,30.0,88.0,192.0,271.0,8.0,13.0,34.0,48.0,61.0,85.0,68.0,70.0,0.5,0.7
20190408,23,1316A,96.0,27.0,86.0,142.0,269.0,8.0,12.0,34.0,47.0,60.0,76.0,67.0,70.0,0.4,0.7
20190409,0,1316A,97.0,28.0,83.0,144.0,266.0,10.0,11.0,32.0,46.0,61.0,76.0,67.0,70.0,0.4,0.7
20190409,1,1316A,96.0,28.0,80.0,142.0,262.0,10.0,11.0,28.0,43.0,66.0,76.0,66.0,66.0,0.4,0.7
20190409,2,1316A,88.0,28.0,77.0,126.0,258.0,8.0,10.0,24.0,41.0,67.0,76.0,66.0,66.0,0.4,0.6
20190409,3,1316A,66.0,32.0,75.0,81.0,251.0,5.0,9.0,19.0,37.0,68.0,76.0,67.0,67.0,0.5,0.6
20190409,4,1316A,52.0,32.0,72.0,53.0,244.0,3.0,9.0,16.0,36.0,76.0,76.0,69.0,69.0,0.4,0.6
20190409,5,1316A,45.0,25.0,69.0,45.0,236.0,2.0,9.0,17.0,35.0,69.0,76.0,69.0,69.0,0.4,0.6
20190409,6,1316A,35.0,24.0,65.0,33.0,228.0,2.0,8.0,15.0,34.0,69.0,76.0,69.0,69.0,0.4,0.6
20190409,7,1316A,34.0,17.0,62.0,34.0,220.0,2.0,8.0,16.0,32.0,62.0,76.0,68.0,69.0,0.4,0.6
20190409,8,1316A,32.0,22.0,58.0,,219.0,2.0,8.0,20.0,31.0,53.0,76.0,66.0,69.0,0.5,0.6
20190409,9,1316A,30.0,17.0,54.0,30.0,209.0,2.0,7.0,18.0,30.0,56.0,76.0,65.0,69.0,0.4,0.6
20190409,10,1316A,39.0,24.0,49.0,39.0,197.0,2.0,7.0,17.0,28.0,61.0,76.0,64.0,69.0,0.4,0.5
20190409,11,1316A,51.0,21.0,44.0,52.0,184.0,2.0,6.0,17.0,27.0,63.0,76.0,64.0,69.0,0.4,0.5
20190409,12,1316A,53.0,18.0,39.0,56.0,173.0,2.0,6.0,16.0,26.0,70.0,76.0,63.0,69.0,0.3,0.5
20190409,13,1316A,35.0,21.0,35.0,35.0,161.0,2.0,6.0,14.0,25.0,76.0,76.0,64.0,69.0,0.3,0.5
20190409,14,1316A,38.0,22.0,32.0,38.0,144.0,2.0,5.0,16.0,24.0,79.0,79.0,65.0,69.0,0.4,0.4
20190409,15,1316A,41.0,21.0,29.0,41.0,129.0,2.0,5.0,16.0,24.0,83.0,83.0,68.0,69.0,0.3,0.4
20190409,16,1316A,51.0,26.0,27.0,51.0,120.0,2.0,5.0,19.0,23.0,75.0,83.0,70.0,70.0,0.4,0.4
20190409,17,1316A,57.0,35.0,26.0,63.0,107.0,2.0,5.0,22.0,22.0,70.0,83.0,72.0,72.0,0.5,0.4
20190409,18,1316A,53.0,37.0,26.0,56.0,95.0,2.0,5.0,25.0,22.0,64.0,83.0,72.0,72.0,0.5,0.4
20190409,19,1316A,54.0,35.0,26.0,57.0,85.0,2.0,4.0,21.0,22.0,76.0,83.0,74.0,74.0,0.4,0.4
20190409,20,1316A,57.0,40.0,27.0,54.0,78.0,2.0,4.0,21.0,21.0,73.0,83.0,74.0,74.0,0.4,0.4
20190409,21,1316A,60.0,43.0,27.0,47.0,70.0,2.0,4.0,22.0,21.0,72.0,83.0,74.0,74.0,0.4,0.4
20190409,22,1316A,63.0,45.0,28.0,53.0,64.0,3.0,3.0,22.0,20.0,72.0,83.0,73.0,74.0,0.5,0.4
20190409,23,1316A,72.0,52.0,29.0,64.0,61.0,4.0,3.0,27.0,20.0,63.0,83.0,71.0,74.0,0.6,0.4
20190410,0,1316A,70.0,51.0,30.0,66.0,57.0,5.0,3.0,27.0,20.0,61.0,83.0,69.0,74.0,0.6,0.4
20190410,1,1316A,72.0,52.0,31.0,62.0,54.0,5.0,3.0,28.0,20.0,59.0,83.0,59.0,59.0,0.6,0.4
20190410,2,1316A,72.0,52.0,32.0,61.0,51.0,5.0,3.0,25.0,20.0,62.0,83.0,60.0,60.0,0.6,0.4
20190410,3,1316A,70.0,51.0,33.0,61.0,50.0,4.0,3.0,24.0,20.0,64.0,83.0,62.0,62.0,0.6,0.4
20190410,4,1316A,73.0,53.0,34.0,58.0,50.0,4.0,3.0,23.0,20.0,62.0,83.0,62.0,62.0,0.6,0.5
20190410,5,1316A,75.0,55.0,35.0,64.0,51.0,4.0,3.0,28.0,21.0,52.0,83.0,60.0,62.0,0.6,0.5
20190410,6,1316A,78.0,57.0,36.0,64.0,52.0,4.0,3.0,30.0,21.0,47.0,83.0,58.0,62.0,0.6,0.5
20190410,7,1316A,80.0,59.0,38.0,,53.0,4.0,3.0,32.0,22.0,47.0,83.0,56.0,62.0,0.7,0.5
20190410,8,1316A,82.0,60.0,39.0,69.0,54.0,4.0,3.0,33.0,23.0,48.0,83.0,55.0,62.0,0.8,0.5
20190410,9,1316A,79.0,58.0,41.0,73.0,56.0,4.0,3.0,38.0,23.0,50.0,83.0,54.0,62.0,0.8,0.5
20190410,10,1316A,75.0,55.0,42.0,80.0,58.0,4.0,3.0,35.0,24.0,58.0,83.0,54.0,62.0,0.7,0.5
20190410,11,1316A,75.0,55.0,44.0,83.0,59.0,4.0,3.0,40.0,25.0,60.0,83.0,53.0,62.0,0.7,0.5
20190410,12,1316A,77.0,56.0,45.0,82.0,60.0,3.0,3.0,44.0,26.0,61.0,83.0,53.0,62.0,0.6,0.6
20190410,13,1316A,74.0,54.0,47.0,79.0,62.0,3.0,3.0,37.0,27.0,75.0,83.0,56.0,62.0,0.6,0.6
20190410,14,1316A,72.0,52.0,48.0,75.0,64.0,3.0,3.0,34.0,28.0,84.0,84.0,60.0,62.0,0.6,0.6
20190410,15,1316A,67.0,48.0,49.0,74.0,65.0,3.0,3.0,30.0,29.0,97.0,97.0,67.0,67.0,0.5,0.6
20190410,16,1316A,67.0,48.0,50.0,68.0,66.0,3.0,3.0,35.0,29.0,96.0,97.0,73.0,73.0,0.5,0.6
20190410,17,1316A,72.0,52.0,51.0,88.0,67.0,3.0,4.0,37.0,30.0,97.0,97.0,78.0,78.0,0.5,0.6
20190410,18,1316A,85.0,63.0,52.0,86.0,68.0,4.0,4.0,46.0,31.0,86.0,97.0,82.0,82.0,0.6,0.6
20190410,19,1316A,95.0,71.0,53.0,96.0,70.0,4.0,4.0,52.0,32.0,77.0,97.0,84.0,84.0,0.6,0.6
20190410,20,1316A,102.0,76.0,55.0,99.0,72.0,4.0,4.0,50.0,33.0,74.0,97.0,86.0,86.0,0.6,0.6
20190410,21,1316A,104.0,78.0,56.0,111.0,75.0,4.0,4.0,55.0,35.0,64.0,97.0,84.0,86.0,0.6,0.6
20190410,22,1316A,105.0,79.0,58.0,107.0,77.0,5.0,4.0,48.0,36.0,69.0,97.0,82.0,86.0,0.6,0.6
20190410,23,1316A,119.0,90.0,59.0,118.0,79.0,33.0,5.0,53.0,37.0,58.0,97.0,78.0,86.0,0.6,0.6
20190411,0,1316A,124.0,94.0,61.0,125.0,82.0,51.0,7.0,56.0,38.0,51.0,97.0,72.0,86.0,0.6,0.6
20190411,1,1316A,113.0,85.0,63.0,122.0,84.0,22.0,8.0,47.0,39.0,56.0,97.0,56.0,56.0,0.6,0.6
20190411,2,1316A,118.0,89.0,64.0,121.0,87.0,13.0,8.0,43.0,40.0,58.0,97.0,57.0,57.0,0.6,0.6
20190411,3,1316A,122.0,92.0,66.0,120.0,90.0,12.0,8.0,49.0,41.0,49.0,97.0,54.0,57.0,0.5,0.6
20190411,4,1316A,132.0,100.0,68.0,127.0,93.0,14.0,9.0,56.0,42.0,33.0,97.0,49.0,57.0,0.6,0.6
20190411,5,1316A,138.0,105.0,70.0,131.0,96.0,18.0,9.0,62.0,43.0,26.0,97.0,44.0,57.0,0.6,0.6
20190411,6,1316A,142.0,108.0,72.0,142.0,99.0,18.0,10.0,72.0,45.0,16.0,97.0,40.0,57.0,0.7,0.6
20190411,7,1316A,144.0,110.0,74.0,144.0,101.0,15.0,10.0,77.0,47.0,10.0,97.0,35.0,57.0,0.7,0.6
20190411,8,1316A,149.0,114.0,76.0,156.0,104.0,16.0,11.0,79.0,49.0,10.0,97.0,32.0,57.0,0.9,0.6
20190411,9,1316A,149.0,114.0,79.0,185.0,109.0,14.0,11.0,80.0,51.0,10.0,97.0,26.0,57.0,0.9,0.6
20190411,10,1316A,148.0,113.0,81.0,190.0,114.0,15.0,12.0,72.0,52.0,27.0,97.0,23.0,57.0,0.8,0.6
20190411,11,1316A,144.0,110.0,83.0,174.0,118.0,17.0,12.0,50.0,53.0,62.0,97.0,24.0,57.0,0.7,0.6
20190411,12,1316A,160.0,122.0,86.0,145.0,120.0,13.0,13.0,42.0,53.0,78.0,97.0,30.0,57.0,0.7,0.6
20190411,13,1316A,160.0,122.0,89.0,,122.0,12.0,13.0,44.0,53.0,90.0,97.0,38.0,57.0,0.8,0.6
20190411,14,1316A,144.0,110.0,91.0,,124.0,10.0,13.0,42.0,53.0,106.0,106.0,49.0,57.0,0.7,0.6
20190411,15,1316A,134.0,102.0,94.0,,126.0,9.0,14.0,37.0,54.0,122.0,122.0,63.0,63.0,0.7,0.7
20190411,16,1316A,120.0,91.0,95.0,,129.0,8.0,14.0,35.0,54.0,127.0,127.0,78.0,78.0,0.6,0.7
20190411,17,1316A,145.0,111.0,98.0,,132.0,8.0,14.0,34.0,53.0,134.0,134.0,93.0,93.0,0.6,0.7
20190411,18,1316A,149.0,114.0,100.0,,134.0,8.0,14.0,34.0,53.0,141.0,141.0,108.0,108.0,0.6,0.7
20190411,19,1316A,158.0,120.0,102.0,,136.0,8.0,14.0,30.0,52.0,133.0,141.0,116.0,116.0,0.7,0.7
20190411,20,1316A,142.0,108.0,103.0,,139.0,6.0,15.0,31.0,51.0,118.0,141.0,121.0,121.0,0.6,0.7
20190411,21,1316A,122.0,92.0,104.0,,140.0,4.0,15.0,30.0,50.0,104.0,141.0,123.0,123.0,0.6,0.7
20190411,22,1316A,120.0,91.0,104.0,,143.0,4.0,14.0,34.0,50.0,92.0,141.0,121.0,123.0,0.5,0.7
20190411,23,1316A,117.0,88.0,104.0,,145.0,4.0,13.0,35.0,49.0,79.0,141.0,116.0,123.0,0.5,0.7
20190412,0,1316A,112.0,84.0,104.0,,146.0,4.0,11.0,36.0,48.0,70.0,141.0,109.0,123.0,0.5,0.7
20190412,1,1316A,112.0,84.0,104.0,100.0,145.0,4.0,11.0,34.0,47.0,72.0,141.0,72.0,72.0,0.5,0.6
20190412,2,1316A,117.0,88.0,104.0,105.0,143.0,4.0,10.0,40.0,47.0,63.0,141.0,68.0,72.0,0.5,0.6
20190412,3,1316A,128.0,97.0,104.0,119.0,143.0,13.0,10.0,50.0,47.0,45.0,141.0,60.0,72.0,0.5,0.6
20190412,4,1316A,127.0,96.0,104.0,116.0,142.0,13.0,10.0,42.0,47.0,49.0,141.0,57.0,72.0,0.5,0.6
20190412,5,1316A,117.0,88.0,103.0,101.0,140.0,8.0,10.0,40.0,46.0,53.0,141.0,56.0,72.0,0.5,0.6
20190412,6,1316A,120.0,91.0,102.0,94.0,136.0,9.0,9.0,59.0,45.0,28.0,141.0,52.0,72.0,0.5,0.6
20190412,7,1316A,124.0,94.0,102.0,102.0,132.0,9.0,9.0,71.0,45.0,17.0,141.0,47.0,72.0,0.6,0.6
20190412,8,1316A,118.0,89.0,101.0,101.0,128.0,11.0,9.0,61.0,44.0,32.0,141.0,45.0,72.0,0.6,0.6
20190412,9,1316A,114.0,86.0,100.0,99.0,120.0,10.0,9.0,49.0,43.0,58.0,141.0,43.0,72.0,0.6,0.6
20190412,10,1316A,110.0,83.0,98.0,98.0,113.0,6.0,8.0,39.0,42.0,88.0,141.0,46.0,72.0,0.5,0.6
20190412,11,1316A,80.0,59.0,96.0,85.0,105.0,4.0,8.0,22.0,40.0,123.0,141.0,56.0,72.0,0.4,0.6
20190412,12,1316A,73.0,53.0,93.0,65.0,99.0,4.0,8.0,16.0,39.0,144.0,144.0,68.0,72.0,0.4,0.6
20190412,13,1316A,72.0,52.0,90.0,61.0,96.0,5.0,7.0,14.0,38.0,157.0,157.0,81.0,81.0,0.4,0.5
20190412,14,1316A,77.0,56.0,88.0,60.0,93.0,5.0,7.0,15.0,37.0,164.0,164.0,98.0,98.0,0.4,0.5
20190412,15,1316A,80.0,59.0,86.0,72.0,92.0,5.0,7.0,18.0,36.0,164.0,164.0,116.0,116.0,0.4,0.5
20190412,16,1316A,92.0,68.0,85.0,76.0,91.0,6.0,7.0,22.0,36.0,153.0,164.0,131.0,131.0,0.4,0.5
20190412,17,1316A,77.0,56.0,83.0,65.0,89.0,5.0,7.0,23.0,35.0,142.0,164.0,142.0,142.0,0.4,0.5
20190412,18,1316A,82.0,60.0,81.0,79.0,89.0,5.0,6.0,28.0,35.0,131.0,164.0,147.0,147.0,0.4,0.5
20190412,19,1316A,84.0,62.0,78.0,71.0,88.0,5.0,6.0,37.0,35.0,115.0,164.0,146.0,147.0,0.5,0.5
20190412,20,1316A,85.0,63.0,77.0,78.0,87.0,4.0,6.0,56.0,36.0,74.0,164.0,138.0,147.0,0.6,0.5
20190412,21,1316A,,,76.0,,87.0,4.0,6.0,66.0,38.0,50.0,164.0,124.0,147.0,0.6,0.5
20190412,22,1316A,,,75.0,,87.0,4.0,6.0,63.0,39.0,53.0,164.0,110.0,147.0,0.7,0.5
20190412,23,1316A,114.0,86.0,75.0,87.0,87.0,5.0,6.0,66.0,40.0,39.0,164.0,95.0,147.0,0.8,0.5
20190413,0,1316A,115.0,87.0,75.0,,87.0,5.0,6.0,54.0,41.0,51.0,164.0,82.0,147.0,0.7,0.5
20190413,1,1316A,119.0,90.0,76.0,97.0,87.0,7.0,6.0,60.0,42.0,36.0,164.0,36.0,36.0,0.8,0.5
20190413,2,1316A,122.0,92.0,76.0,115.0,88.0,8.0,7.0,61.0,43.0,25.0,164.0,30.0,36.0,0.8,0.5
20190413,3,1316A,118.0,89.0,75.0,110.0,87.0,7.0,6.0,64.0,44.0,14.0,164.0,25.0,36.0,0.8,0.6
20190413,4,1316A,114.0,86.0,75.0,107.0,87.0,6.0,6.0,70.0,45.0,7.0,164.0,20.0,36.0,0.9,0.6
20190413,5,1316A,118.0,89.0,75.0,104.0,87.0,6.0,6.0,74.0,46.0,5.0,164.0,17.0,36.0,0.9,0.6
20190413,6,1316A,123.0,93.0,75.0,110.0,88.0,8.0,6.0,78.0,47.0,5.0,164.0,15.0,36.0,0.9,0.6
20190413,7,1316A,128.0,97.0,75.0,110.0,88.0,9.0,6.0,75.0,47.0,7.0,164.0,14.0,36.0,1.0,0.6
20190413,8,1316A,122.0,92.0,75.0,105.0,88.0,8.0,6.0,64.0,47.0,17.0,164.0,14.0,36.0,1.0,0.6
20190413,9,1316A,97.0,72.0,75.0,,88.0,8.0,6.0,45.0,47.0,39.0,164.0,15.0,36.0,0.9,0.7
20190413,10,1316A,67.0,48.0,73.0,56.0,86.0,7.0,6.0,33.0,47.0,62.0,164.0,20.0,36.0,0.9,0.7
20190413,11,1316A,53.0,37.0,72.0,46.0,84.0,6.0,6.0,28.0,47.0,79.0,164.0,28.0,36.0,0.8,0.7
20190413,12,1316A,45.0,31.0,71.0,40.0,82.0,5.0,6.0,21.0,47.0,100.0,164.0,39.0,39.0,0.8,0.7
20190413,13,1316A,39.0,27.0,70.0,39.0,81.0,6.0,6.0,18.0,47.0,118.0,164.0,53.0,53.0,0.7,0.7
20190413,14,1316A,41.0,21.0,68.0,38.0,80.0,6.0,6.0,18.0,48.0,130.0,164.0,69.0,69.0,0.6,0.7
20190413,15,1316A,45.0,17.0,66.0,30.0,78.0,5.0,6.0,15.0,47.0,142.0,153.0,86.0,86.0,0.5,0.7
20190413,16,1316A,44.0,26.0,65.0,43.0,76.0,5.0,6.0,21.0,47.0,139.0,142.0,101.0,101.0,0.5,0.7
20190413,17,1316A,46.0,28.0,63.0,46.0,76.0,5.0,6.0,37.0,48.0,116.0,142.0,111.0,111.0,0.6,0.7
20190413,18,1316A,51.0,31.0,62.0,52.0,74.0,5.0,6.0,43.0,49.0,106.0,142.0,116.0,116.0,0.7,0.7
20190413,19,1316A,65.0,47.0,61.0,72.0,74.0,6.0,6.0,55.0,49.0,96.0,142.0,118.0,118.0,0.7,0.8
20190413,20,1316A,85.0,47.0,61.0,120.0,76.0,8.0,6.0,62.0,50.0,82.0,142.0,116.0,118.0,0.8,0.8
20190413,21,1316A,83.0,30.0,59.0,115.0,78.0,7.0,6.0,49.0,49.0,74.0,142.0,111.0,118.0,0.8,0.8
20190413,22,1316A,69.0,31.0,58.0,87.0,79.0,7.0,6.0,42.0,48.0,65.0,142.0,102.0,118.0,0.7,0.8
20190413,23,1316A,79.0,36.0,56.0,108.0,80.0,6.0,6.0,39.0,47.0,65.0,142.0,93.0,118.0,0.7,0.8
20190414,0,1316A,64.0,38.0,54.0,77.0,79.0,5.0,6.0,30.0,46.0,76.0,142.0,85.0,118.0,0.7,0.8
20190414,1,1316A,75.0,47.0,52.0,99.0,80.0,7.0,6.0,30.0,45.0,64.0,142.0,64.0,64.0,0.8,0.8
20190414,2,1316A,67.0,38.0,50.0,84.0,78.0,5.0,6.0,26.0,43.0,67.0,142.0,66.0,66.0,0.6,0.8
20190414,3,1316A,52.0,35.0,48.0,53.0,76.0,5.0,6.0,25.0,42.0,64.0,142.0,65.0,66.0,0.6,0.8
20190414,4,1316A,48.0,32.0,45.0,48.0,73.0,6.0,6.0,28.0,40.0,56.0,142.0,63.0,66.0,0.6,0.7
20190414,5,1316A,59.0,42.0,43.0,56.0,71.0,6.0,6.0,43.0,39.0,39.0,142.0,58.0,66.0,0.7,0.7
20190414,6,1316A,62.0,42.0,41.0,73.0,69.0,6.0,6.0,65.0,38.0,21.0,142.0,52.0,66.0,0.7,0.7
20190414,7,1316A,59.0,20.0,38.0,67.0,68.0,5.0,6.0,56.0,37.0,37.0,142.0,50.0,66.0,0.6,0.7
20190414,8,1316A,56.0,12.0,35.0,61.0,66.0,5.0,6.0,59.0,37.0,38.0,142.0,48.0,66.0,0.5,0.7
20190414,9,1316A,60.0,2.0,32.0,70.0,66.0,5.0,6.0,36.0,37.0,71.0,142.0,49.0,66.0,0.4,0.7
20190414,10,1316A,53.0,,30.0,56.0,66.0,8.0,6.0,18.0,36.0,98.0,142.0,53.0,66.0,0.4,0.6
20190414,11,1316A,53.0,,28.0,55.0,66.0,7.0,6.0,15.0,35.0,102.0,142.0,58.0,66.0,0.4,0.6
20190414,12,1316A,,,,,,,,,,,,,,,
20190414,13,1316A,48.0,3.0,26.0,48.0,68.0,4.0,6.0,10.0,35.0,115.0,142.0,74.0,74.0,0.3,0.6
20190414,14,1316A,47.0,2.0,25.0,47.0,68.0,5.0,6.0,13.0,35.0,116.0,142.0,86.0,86.0,0.3,0.6
20190414,15,1316A,40.0,1.0,25.0,40.0,68.0,6.0,6.0,14.0,34.0,120.0,139.0,96.0,96.0,0.3,0.6
20190414,16,1316A,46.0,5.0,24.0,46.0,69.0,5.0,6.0,18.0,34.0,118.0,120.0,106.0,106.0,0.3,0.6
20190414,17,1316A,42.0,8.0,23.0,42.0,68.0,5.0,6.0,20.0,34.0,116.0,120.0,112.0,112.0,0.3,0.5
20190414,18,1316A,51.0,8.0,22.0,51.0,68.0,4.0,6.0,25.0,33.0,113.0,120.0,114.0,114.0,0.2,0.5
20190414,19,1316A,50.0,8.0,20.0,50.0,67.0,4.0,6.0,33.0,32.0,104.0,120.0,114.0,114.0,0.2,0.5
20190414,20,1316A,57.0,12.0,19.0,64.0,65.0,3.0,5.0,48.0,31.0,80.0,120.0,110.0,114.0,0.3,0.5
20190414,21,1316A,60.0,13.0,18.0,70.0,63.0,,5.0,62.0,32.0,65.0,120.0,104.0,114.0,0.3,0.5
20190414,22,1316A,,,18.0,,62.0,11.0,6.0,,32.0,,120.0,102.0,114.0,0.4,0.5
20190414,23,1316A,,,17.0,,60.0,12.0,6.0,44.0,32.0,72.0,120.0,95.0,114.0,,0.4
20190415,0,1316A,67.0,18.0,16.0,84.0,60.0,7.0,6.0,42.0,32.0,77.0,120.0,90.0,114.0,0.3,0.4
20190415,1,1316A,68.0,16.0,14.0,86.0,60.0,6.0,6.0,48.0,33.0,68.0,120.0,68.0,68.0,0.3,0.4
20190415,2,1316A,70.0,19.0,14.0,90.0,60.0,18.0,6.0,65.0,35.0,50.0,120.0,59.0,68.0,0.3,0.4
20190415,3,1316A,76.0,18.0,13.0,102.0,62.0,17.0,7.0,71.0,37.0,46.0,120.0,55.0,68.0,0.4,0.4
20190415,4,1316A,71.0,16.0,12.0,91.0,64.0,15.0,7.0,58.0,38.0,57.0,120.0,55.0,68.0,0.3,0.4
20190415,5,1316A,74.0,23.0,11.0,98.0,66.0,14.0,8.0,65.0,39.0,50.0,120.0,54.0,68.0,0.3,0.4
20190415,6,1316A,76.0,21.0,10.0,102.0,68.0,15.0,8.0,95.0,40.0,21.0,120.0,49.0,68.0,0.4,0.3
20190415,7,1316A,79.0,24.0,10.0,107.0,69.0,16.0,9.0,105.0,42.0,12.0,120.0,43.0,68.0,0.5,0.3
20190415,8,1316A,89.0,26.0,11.0,128.0,72.0,19.0,9.0,100.0,44.0,21.0,120.0,41.0,68.0,0.6,0.3
20190415,9,1316A,92.0,25.0,12.0,134.0,75.0,14.0,10.0,74.0,46.0,52.0,120.0,39.0,68.0,0.5,0.3
20190415,10,1316A,75.0,55.0,15.0,90.0,77.0,8.0,10.0,37.0,47.0,97.0,120.0,44.0,68.0,0.3,0.3
20190415,11,1316A,72.0,52.0,17.0,65.0,77.0,8.0,10.0,29.0,47.0,108.0,120.0,52.0,68.0,0.3,0.3
20190415,12,1316A,62.0,44.0,19.0,65.0,77.0,7.0,10.0,24.0,48.0,119.0,120.0,60.0,68.0,0.3,0.3
20190415,13,1316A,66.0,40.0,21.0,82.0,79.0,6.0,10.0,18.0,48.0,134.0,134.0,70.0,70.0,0.3,0.3
20190415,14,1316A,71.0,41.0,22.0,91.0,81.0,6.0,10.0,17.0,48.0,138.0,138.0,85.0,85.0,0.3,0.3
20190415,15,1316A,73.0,45.0,24.0,95.0,83.0,5.0,10.0,15.0,48.0,140.0,140.0,101.0,101.0,0.3,0.3
20190415,16,1316A,68.0,41.0,26.0,86.0,85.0,5.0,10.0,15.0,48.0,142.0,142.0,116.0,116.0,0.4,0.3
20190415,17,1316A,65.0,36.0,27.0,79.0,87.0,5.0,10.0,16.0,48.0,139.0,142.0,127.0,127.0,0.4,0.3
20190415,18,1316A,64.0,38.0,29.0,77.0,88.0,6.0,10.0,22.0,48.0,130.0,142.0,131.0,131.0,0.4,0.4
20190415,19,1316A,62.0,42.0,30.0,73.0,89.0,6.0,10.0,26.0,48.0,121.0,142.0,133.0,133.0,0.4,0.4
20190415,20,1316A,63.0,42.0,32.0,76.0,90.0,6.0,10.0,32.0,47.0,106.0,142.0,131.0,133.0,0.5,0.4
20190415,21,1316A,64.0,43.0,33.0,77.0,90.0,6.0,10.0,37.0,46.0,98.0,142.0,127.0,133.0,0.5,0.4
20190415,22,1316A,63.0,40.0,33.0,75.0,89.0,5.0,10.0,29.0,45.0,105.0,142.0,123.0,133.0,0.5,0.4
20190415,23,1316A,65.0,46.0,34.0,80.0,89.0,5.0,9.0,31.0,45.0,98.0,142.0,117.0,133.0,0.5,0.4
20190416,0,1316A,67.0,48.0,35.0,78.0,89.0,7.0,9.0,36.0,44.0,89.0,142.0,111.0,133.0,0.5,0.4
20190416,1,1316A,68.0,47.0,36.0,85.0,89.0,10.0,10.0,50.0,44.0,65.0,142.0,65.0,65.0,0.5,0.4
20190416,2,1316A,79.0,41.0,37.0,108.0,89.0,9.0,9.0,47.0,44.0,62.0,142.0,64.0,65.0,0.5,0.4
20190416,3,1316A,73.0,28.0,38.0,95.0,89.0,4.0,9.0,33.0,42.0,64.0,142.0,64.0,65.0,0.6,0.4
20190416,4,1316A,40.0,22.0,38.0,40.0,87.0,4.0,8.0,35.0,41.0,57.0,142.0,62.0,65.0,0.6,0.4
20190416,5,1316A,37.0,20.0,38.0,37.0,84.0,4.0,8.0,32.0,40.0,62.0,142.0,62.0,65.0,0.6,0.4
20190416,6,1316A,32.0,15.0,38.0,32.0,81.0,4.0,7.0,34.0,37.0,62.0,142.0,62.0,65.0,0.5,0.4
20190416,7,1316A,28.0,14.0,37.0,22.0,78.0,4.0,7.0,56.0,35.0,47.0,142.0,60.0,65.0,0.5,0.5
20190416,8,1316A,37.0,20.0,37.0,37.0,74.0,5.0,6.0,68.0,34.0,36.0,142.0,57.0,65.0,0.6,0.5
20190416,9,1316A,51.0,27.0,37.0,52.0,71.0,7.0,6.0,37.0,32.0,62.0,142.0,56.0,65.0,0.6,0.5
20190416,10,1316A,54.0,22.0,36.0,58.0,69.0,6.0,6.0,24.0,32.0,79.0,142.0,59.0,65.0,0.5,0.5
20190416,11,1316A,60.0,22.0,34.0,70.0,70.0,8.0,6.0,19.0,31.0,93.0,142.0,62.0,65.0,0.5,0.5
20190416,12,1316A,69.0,25.0,34.0,87.0,70.0,6.0,6.0,18.0,31.0,102.0,142.0,68.0,68.0,0.5,0.5
20190416,13,1316A,72.0,28.0,33.0,93.0,71.0,5.0,6.0,16.0,31.0,116.0,142.0,75.0,75.0,0.4,0.5
20190416,14,1316A,68.0,26.0,32.0,86.0,71.0,5.0,6.0,15.0,31.0,132.0,142.0,83.0,83.0,0.4,0.5
20190416,15,1316A,71.0,25.0,32.0,91.0,71.0,5.0,6.0,15.0,31.0,143.0,143.0,95.0,95.0,0.4,0.5
20190416,16,1316A,68.0,18.0,31.0,85.0,71.0,4.0,6.0,13.0,31.0,145.0,145.0,109.0,109.0,0.3,0.5
20190416,17,1316A,61.0,16.0,30.0,71.0,70.0,4.0,6.0,15.0,31.0,140.0,145.0,119.0,119.0,0.3,0.5
20190416,18,1316A,60.0,17.0,29.0,69.0,70.0,4.0,6.0,22.0,31.0,136.0,145.0,126.0,126.0,0.3,0.5
20190416,19,1316A,69.0,23.0,28.0,88.0,70.0,5.0,6.0,37.0,31.0,123.0,145.0,130.0,130.0,0.4,0.5
20190416,20,1316A,91.0,27.0,28.0,132.0,73.0,7.0,6.0,39.0,32.0,114.0,145.0,131.0,131.0,0.5,0.5
20190416,21,1316A,84.0,28.0,27.0,117.0,74.0,7.0,6.0,49.0,32.0,92.0,145.0,128.0,131.0,0.5,0.5
20190416,22,1316A,86.0,32.0,27.0,121.0,76.0,6.0,6.0,47.0,33.0,91.0,145.0,123.0,131.0,0.4,0.5
20190416,23,1316A,94.0,36.0,26.0,138.0,79.0,9.0,6.0,38.0,33.0,92.0,145.0,117.0,131.0,0.5,0.5
20190417,0,1316A,88.0,35.0,26.0,126.0,81.0,7.0,6.0,35.0,33.0,93.0,145.0,110.0,131.0,0.5,0.5
20190417,1,1316A,90.0,36.0,25.0,129.0,83.0,7.0,6.0,39.0,33.0,80.0,145.0,80.0,80.0,0.5,0.5
20190417,2,1316A,90.0,40.0,25.0,130.0,84.0,8.0,6.0,69.0,34.0,46.0,145.0,63.0,80.0,0.5,0.5
20190417,3,1316A,98.0,44.0,26.0,146.0,86.0,8.0,6.0,106.0,37.0,8.0,145.0,45.0,80.0,0.5,0.5
20190417,4,1316A,100.0,53.0,27.0,150.0,90.0,8.0,6.0,91.0,39.0,22.0,145.0,39.0,80.0,0.5,0.5
20190417,5,1316A,95.0,44.0,28.0,139.0,95.0,13.0,6.0,54.0,40.0,54.0,145.0,42.0,80.0,0.5,0.5
20190417,6,1316A,89.0,42.0,29.0,128.0,99.0,14.0,7.0,58.0,41.0,47.0,145.0,43.0,80.0,0.5,0.5
20190417,7,1316A,90.0,41.0,30.0,130.0,103.0,13.0,7.0,71.0,41.0,36.0,145.0,42.0,80.0,0.6,0.5
20190417,8,1316A,92.0,40.0,31.0,133.0,107.0,14.0,8.0,64.0,41.0,46.0,145.0,42.0,80.0,0.6,0.5
20190417,9,1316A,97.0,40.0,32.0,144.0,111.0,16.0,8.0,45.0,42.0,66.0,145.0,41.0,80.0,0.6,0.5
20190417,10,1316A,87.0,38.0,32.0,124.0,114.0,15.0,8.0,34.0,42.0,82.0,145.0,45.0,80.0,0.6,0.5
20190417,11,1316A,84.0,36.0,33.0,117.0,116.0,12.0,8.0,29.0,42.0,97.0,145.0,56.0,80.0,0.6,0.5
20190417,12,1316A,82.0,32.0,33.0,113.0,117.0,9.0,9.0,23.0,43.0,122.0,145.0,69.0,80.0,0.6,0.5
20190417,13,1316A,87.0,51.0,34.0,124.0,118.0,7.0,9.0,18.0,43.0,142.0,145.0,80.0,80.0,0.6,0.5
20190417,14,1316A,88.0,45.0,35.0,125.0,120.0,6.0,9.0,15.0,43.0,151.0,151.0,93.0,93.0,0.5,0.5
20190417,15,1316A,88.0,38.0,36.0,126.0,121.0,6.0,9.0,15.0,43.0,155.0,155.0,108.0,108.0,0.5,0.5
20190417,16,1316A,84.0,42.0,36.0,118.0,122.0,5.0,9.0,16.0,43.0,154.0,155.0,121.0,121.0,0.5,0.5
20190417,17,1316A,87.0,44.0,38.0,123.0,125.0,5.0,9.0,15.0,43.0,149.0,155.0,132.0,132.0,0.5,0.5
20190417,18,1316A,85.0,38.0,39.0,120.0,127.0,5.0,9.0,20.0,43.0,140.0,155.0,139.0,139.0,0.5,0.5
20190417,19,1316A,87.0,35.0,39.0,124.0,128.0,4.0,9.0,26.0,42.0,126.0,155.0,142.0,142.0,0.5,0.5
20190417,20,1316A,80.0,35.0,39.0,110.0,127.0,5.0,9.0,32.0,42.0,106.0,155.0,140.0,142.0,0.5,0.5
20190417,21,1316A,80.0,29.0,39.0,109.0,127.0,5.0,9.0,37.0,42.0,93.0,155.0,134.0,142.0,0.5,0.5
20190417,22,1316A,76.0,30.0,39.0,102.0,126.0,6.0,9.0,29.0,41.0,102.0,155.0,128.0,142.0,0.5,0.5
20190417,23,1316A,78.0,30.0,39.0,105.0,125.0,6.0,8.0,27.0,40.0,105.0,155.0,122.0,142.0,0.5,0.5
20190418,0,1316A,82.0,30.0,39.0,113.0,124.0,8.0,9.0,28.0,40.0,100.0,155.0,115.0,142.0,0.5,0.5
20190418,1,1316A,77.0,32.0,39.0,104.0,123.0,9.0,9.0,36.0,40.0,84.0,155.0,84.0,84.0,0.5,0.5
20190418,2,1316A,83.0,34.0,38.0,115.0,123.0,11.0,9.0,51.0,39.0,66.0,155.0,75.0,84.0,0.6,0.5
20190418,3,1316A,84.0,34.0,38.0,117.0,121.0,13.0,9.0,50.0,37.0,64.0,155.0,71.0,84.0,0.6,0.5
20190418,4,1316A,79.0,42.0,38.0,108.0,120.0,16.0,9.0,46.0,35.0,65.0,155.0,70.0,84.0,0.6,0.5
20190418,5,1316A,82.0,44.0,38.0,113.0,119.0,17.0,9.0,53.0,35.0,56.0,155.0,67.0,84.0,0.6,0.5
20190418,6,1316A,80.0,39.0,37.0,109.0,118.0,14.0,9.0,50.0,35.0,64.0,155.0,66.0,84.0,0.6,0.6
20190418,7,1316A,73.0,40.0,37.0,95.0,116.0,12.0,9.0,54.0,34.0,59.0,155.0,65.0,84.0,0.8,0.6
20190418,8,1316A,82.0,45.0,38.0,113.0,115.0,11.0,9.0,82.0,35.0,32.0,155.0,61.0,84.0,0.8,0.6
20190418,9,1316A,97.0,50.0,38.0,143.0,115.0,11.0,9.0,61.0,35.0,58.0,155.0,58.0,84.0,0.8,0.6
20190418,10,1316A,139.0,61.0,39.0,227.0,120.0,16.0,9.0,31.0,35.0,101.0,155.0,62.0,84.0,1.1,0.6
20190418,11,1316A,218.0,63.0,40.0,362.0,130.0,15.0,9.0,23.0,35.0,125.0,155.0,70.0,84.0,1.0,0.6
20190418,12,1316A,180.0,63.0,41.0,310.0,138.0,10.0,9.0,17.0,35.0,142.0,155.0,80.0,84.0,0.8,0.6
20190418,13,1316A,180.0,64.0,42.0,309.0,146.0,9.0,9.0,14.0,34.0,156.0,156.0,92.0,92.0,0.7,0.6
20190418,14,1316A,151.0,71.0,43.0,252.0,151.0,10.0,10.0,14.0,34.0,173.0,173.0,106.0,106.0,0.7,0.6
20190418,15,1316A,156.0,98.0,46.0,262.0,157.0,9.0,10.0,18.0,35.0,171.0,173.0,120.0,120.0,0.8,0.6
20190418,16,1316A,143.0,99.0,48.0,236.0,162.0,7.0,10.0,21.0,35.0,156.0,173.0,135.0,135.0,0.9,0.7
20190418,17,1316A,212.0,64.0,49.0,358.0,172.0,6.0,10.0,17.0,35.0,158.0,173.0,148.0,148.0,0.8,0.7
20190418,18,1316A,322.0,57.0,50.0,437.0,185.0,6.0,10.0,18.0,35.0,134.0,173.0,152.0,152.0,0.6,0.7
20190418,19,1316A,384.0,53.0,50.0,487.0,200.0,5.0,10.0,18.0,34.0,119.0,173.0,151.0,152.0,0.5,0.7
20190418,20,1316A,256.0,53.0,51.0,389.0,211.0,5.0,10.0,18.0,34.0,108.0,173.0,147.0,152.0,0.5,0.7
20190418,21,1316A,196.0,54.0,52.0,341.0,221.0,5.0,10.0,18.0,33.0,104.0,173.0,140.0,152.0,0.5,0.7
20190418,22,1316A,166.0,50.0,53.0,281.0,229.0,5.0,10.0,19.0,33.0,99.0,173.0,131.0,152.0,0.5,0.7
20190418,23,1316A,135.0,56.0,54.0,219.0,233.0,5.0,10.0,24.0,33.0,92.0,173.0,121.0,152.0,0.5,0.7
20190419,0,1316A,127.0,54.0,55.0,203.0,237.0,6.0,10.0,24.0,32.0,90.0,173.0,113.0,152.0,0.4,0.7
20190419,1,1316A,116.0,51.0,56.0,182.0,240.0,6.0,10.0,24.0,32.0,87.0,173.0,87.0,87.0,0.4,0.7
20190419,2,1316A,99.0,46.0,56.0,148.0,242.0,5.0,9.0,23.0,31.0,85.0,173.0,86.0,87.0,0.5,0.7
20190419,3,1316A,77.0,41.0,57.0,104.0,241.0,5.0,9.0,26.0,30.0,77.0,173.0,83.0,87.0,0.5,0.7
20190419,4,1316A,67.0,38.0,56.0,83.0,240.0,5.0,9.0,27.0,29.0,73.0,173.0,80.0,87.0,0.4,0.7
20190419,5,1316A,74.0,35.0,56.0,97.0,239.0,6.0,8.0,25.0,28.0,73.0,173.0,79.0,87.0,0.4,0.6
20190419,6,1316A,59.0,34.0,56.0,67.0,238.0,6.0,8.0,25.0,27.0,73.0,173.0,78.0,87.0,0.5,0.6
20190419,7,1316A,63.0,34.0,56.0,75.0,237.0,7.0,8.0,26.0,26.0,72.0,173.0,77.0,87.0,0.5,0.6
20190419,8,1316A,68.0,33.0,55.0,86.0,236.0,8.0,7.0,30.0,23.0,69.0,173.0,76.0,87.0,0.5,0.6
20190419,9,1316A,73.0,33.0,54.0,95.0,234.0,10.0,7.0,31.0,22.0,68.0,173.0,74.0,87.0,0.5,0.6
20190419,10,1316A,76.0,32.0,53.0,102.0,229.0,11.0,7.0,29.0,22.0,71.0,173.0,72.0,87.0,0.5,0.6
20190419,11,1316A,84.0,34.0,52.0,117.0,218.0,11.0,7.0,25.0,22.0,79.0,173.0,72.0,87.0,0.5,0.6
20190419,12,1316A,81.0,44.0,51.0,112.0,210.0,9.0,7.0,22.0,22.0,88.0,173.0,74.0,87.0,0.5,0.5
20190419,13,1316A,92.0,37.0,50.0,133.0,203.0,9.0,7.0,20.0,23.0,96.0,173.0,77.0,87.0,0.5,0.5
20190419,14,1316A,88.0,39.0,49.0,125.0,197.0,8.0,7.0,21.0,23.0,102.0,171.0,81.0,87.0,0.5,0.5
20190419,15,1316A,89.0,39.0,46.0,127.0,192.0,8.0,7.0,25.0,23.0,90.0,158.0,83.0,87.0,0.5,0.5
20190419,16,1316A,88.0,40.0,44.0,125.0,187.0,9.0,7.0,31.0,24.0,79.0,158.0,84.0,87.0,0.6,0.5
20190419,17,1316A,,,,,,,,,,,,,,,
20190419,18,1316A,72.0,37.0,42.0,93.0,162.0,7.0,7.0,32.0,25.0,80.0,119.0,86.0,87.0,0.5,0.5
20190419,19,1316A,80.0,34.0,41.0,110.0,147.0,7.0,7.0,30.0,25.0,73.0,108.0,86.0,87.0,0.5,0.5
20190419,20,1316A,70.0,33.0,40.0,90.0,134.0,8.0,7.0,33.0,26.0,62.0,104.0,82.0,87.0,0.4,0.5
20190419,21,1316A,,,40.0,,125.0,8.0,7.0,34.0,27.0,57.0,102.0,78.0,87.0,0.5,0.5
20190419,22,1316A,,,39.0,,118.0,8.0,8.0,43.0,28.0,46.0,102.0,70.0,87.0,0.5,0.5
20190419,23,1316A,61.0,31.0,38.0,71.0,111.0,9.0,8.0,44.0,28.0,45.0,102.0,65.0,87.0,0.5,0.5
20190420,0,1316A,58.0,30.0,37.0,66.0,105.0,9.0,8.0,51.0,30.0,35.0,102.0,59.0,86.0,0.5,0.5
20190420,1,1316A,57.0,30.0,36.0,64.0,100.0,8.0,8.0,50.0,31.0,36.0,102.0,36.0,36.0,0.5,0.5
20190420,2,1316A,62.0,30.0,35.0,73.0,96.0,8.0,8.0,53.0,32.0,31.0,102.0,34.0,36.0,0.5,0.5
20190420,3,1316A,63.0,29.0,35.0,75.0,95.0,8.0,8.0,58.0,33.0,26.0,102.0,31.0,36.0,0.5,0.5
20190420,4,1316A,61.0,29.0,34.0,71.0,94.0,8.0,8.0,57.0,35.0,26.0,102.0,30.0,36.0,0.5,0.5
20190420,5,1316A,59.0,29.0,34.0,68.0,93.0,9.0,8.0,66.0,36.0,17.0,102.0,27.0,36.0,0.5,0.5
20190420,6,1316A,62.0,30.0,34.0,73.0,93.0,10.0,9.0,64.0,38.0,17.0,102.0,26.0,36.0,0.6,0.5
20190420,7,1316A,63.0,32.0,34.0,76.0,93.0,12.0,9.0,60.0,39.0,21.0,102.0,25.0,36.0,0.6,0.5
20190420,8,1316A,71.0,35.0,34.0,91.0,94.0,14.0,9.0,57.0,40.0,28.0,102.0,25.0,36.0,0.6,0.5
20190420,9,1316A,72.0,39.0,34.0,93.0,94.0,15.0,9.0,51.0,41.0,39.0,102.0,26.0,36.0,0.7,0.5
20190420,10,1316A,75.0,47.0,35.0,99.0,93.0,16.0,9.0,49.0,42.0,50.0,102.0,28.0,36.0,0.8,0.5
20190420,11,1316A,84.0,55.0,36.0,118.0,93.0,15.0,10.0,52.0,43.0,64.0,102.0,33.0,36.0,0.8,0.6
20190420,12,1316A,83.0,60.0,37.0,115.0,94.0,12.0,10.0,47.0,44.0,90.0,102.0,41.0,41.0,0.8,0.6
20190420,13,1316A,90.0,67.0,38.0,109.0,92.0,10.0,10.0,46.0,45.0,110.0,110.0,52.0,52.0,0.8,0.6
20190420,14,1316A,105.0,79.0,40.0,108.0,92.0,9.0,10.0,43.0,46.0,130.0,130.0,66.0,66.0,0.8,0.6
20190420,15,1316A,95.0,71.0,41.0,107.0,91.0,8.0,10.0,40.0,47.0,146.0,146.0,82.0,82.0,0.8,0.6
20190420,16,1316A,102.0,76.0,43.0,115.0,90.0,8.0,10.0,42.0,47.0,152.0,152.0,98.0,98.0,0.8,0.6
20190420,17,1316A,107.0,75.0,44.0,164.0,93.0,10.0,10.0,39.0,48.0,161.0,161.0,113.0,113.0,0.8,0.6
20190420,18,1316A,115.0,68.0,46.0,180.0,97.0,10.0,10.0,33.0,48.0,169.0,169.0,128.0,128.0,0.8,0.6
20190420,19,1316A,101.0,58.0,47.0,152.0,99.0,9.0,10.0,28.0,48.0,166.0,169.0,140.0,140.0,0.8,0.6
20190420,20,1316A,96.0,57.0,48.0,141.0,101.0,10.0,10.0,28.0,47.0,154.0,169.0,148.0,148.0,0.9,0.7
20190420,21,1316A,,,,,,,,,,,,,,,
20190420,22,1316A,,,,,,,,,,,,,,,
20190420,23,1316A,99.0,74.0,51.0,135.0,107.0,14.0,11.0,44.0,47.0,77.0,169.0,137.0,152.0,0.9,0.7
20190421,0,1316A,94.0,70.0,53.0,135.0,110.0,12.0,11.0,62.0,48.0,42.0,169.0,124.0,152.0,1.0,0.7
20190421,1,1316A,90.0,63.0,54.0,129.0,112.0,10.0,11.0,48.0,48.0,40.0,169.0,40.0,40.0,1.0,0.8
20190421,2,1316A,79.0,56.0,55.0,108.0,114.0,9.0,11.0,41.0,47.0,38.0,169.0,39.0,40.0,1.3,0.8
20190421,3,1316A,85.0,63.0,57.0,88.0,114.0,6.0,11.0,34.0,46.0,51.0,169.0,43.0,43.0,1.2,0.8
20190421,4,1316A,89.0,66.0,58.0,79.0,115.0,4.0,11.0,35.0,45.0,34.0,169.0,41.0,43.0,1.3,0.8
20190421,5,1316A,97.0,72.0,60.0,76.0,115.0,7.0,11.0,33.0,44.0,41.0,169.0,41.0,43.0,1.4,0.9
20190421,6,1316A,105.0,79.0,62.0,83.0,115.0,9.0,11.0,41.0,43.0,24.0,169.0,38.0,43.0,1.6,0.9
20190421,7,1316A,99.0,74.0,64.0,,117.0,5.0,10.0,48.0,42.0,12.0,169.0,34.0,43.0,1.7,1.0
20190421,8,1316A,83.0,61.0,65.0,66.0,116.0,4.0,10.0,49.0,42.0,21.0,169.0,33.0,43.0,1.8,1.0
20190421,9,1316A,77.0,56.0,66.0,,117.0,4.0,9.0,44.0,42.0,47.0,169.0,34.0,43.0,1.6,1.1
20190421,10,1316A,64.0,46.0,66.0,,118.0,4.0,9.0,40.0,41.0,56.0,169.0,36.0,43.0,1.5,1.1
20190421,11,1316A,,,66.0,,118.0,,9.0,38.0,41.0,56.0,169.0,36.0,43.0,1.6,1.1
20190421,12,1316A,,,66.0,,118.0,4.0,8.0,,40.0,,169.0,37.0,43.0,1.2,1.1
20190421,13,1316A,59.0,42.0,65.0,,119.0,4.0,8.0,22.0,39.0,94.0,169.0,44.0,44.0,,1.2
20190421,14,1316A,72.0,52.0,64.0,,119.0,4.0,8.0,20.0,38.0,115.0,169.0,57.0,57.0,1.0,1.2
20190421,15,1316A,78.0,57.0,63.0,64.0,117.0,6.0,8.0,19.0,38.0,133.0,169.0,75.0,75.0,1.0,1.2
20190421,16,1316A,72.0,52.0,62.0,61.0,114.0,5.0,8.0,21.0,37.0,115.0,169.0,88.0,88.0,1.2,1.2
20190421,17,1316A,72.0,52.0,61.0,55.0,107.0,4.0,7.0,24.0,36.0,102.0,169.0,96.0,96.0,1.2,1.2
20190421,18,1316A,74.0,54.0,61.0,70.0,101.0,4.0,7.0,31.0,36.0,92.0,166.0,101.0,101.0,1.2,1.2
20190421,19,1316A,78.0,57.0,61.0,77.0,96.0,4.0,7.0,41.0,36.0,73.0,154.0,103.0,103.0,1.4,1.3
20190421,20,1316A,79.0,58.0,61.0,85.0,93.0,3.0,7.0,58.0,38.0,49.0,136.0,97.0,103.0,1.6,1.3
20190421,21,1316A,84.0,62.0,61.0,97.0,91.0,4.0,6.0,82.0,40.0,29.0,133.0,88.0,103.0,1.3,1.3
20190421,22,1316A,89.0,66.0,61.0,124.0,90.0,4.0,6.0,96.0,42.0,13.0,133.0,76.0,103.0,1.3,1.3
20190421,23,1316A,88.0,65.0,60.0,122.0,89.0,4.0,5.0,99.0,45.0,6.0,133.0,60.0,103.0,1.4,1.3
20190422,0,1316A,87.0,64.0,60.0,105.0,88.0,4.0,5.0,53.0,44.0,45.0,133.0,51.0,103.0,1.4,1.4
20190422,1,1316A,85.0,63.0,60.0,117.0,87.0,4.0,5.0,51.0,44.0,48.0,133.0,48.0,48.0,1.4,1.4
20190422,2,1316A,84.0,62.0,60.0,116.0,87.0,4.0,5.0,64.0,45.0,47.0,133.0,48.0,48.0,1.2,1.4
20190422,3,1316A,85.0,63.0,60.0,96.0,88.0,4.0,4.0,47.0,46.0,69.0,133.0,55.0,55.0,1.1,1.4
20190422,4,1316A,87.0,64.0,60.0,94.0,89.0,4.0,4.0,32.0,46.0,81.0,133.0,61.0,61.0,1.2,1.4
20190422,5,1316A,89.0,66.0,60.0,94.0,90.0,4.0,4.0,29.0,46.0,79.0,133.0,65.0,65.0,1.2,1.4
20190422,6,1316A,85.0,63.0,59.0,107.0,91.0,4.0,4.0,33.0,45.0,76.0,133.0,67.0,67.0,1.1,1.3
20190422,7,1316A,77.0,56.0,58.0,83.0,91.0,3.0,4.0,28.0,44.0,73.0,133.0,68.0,68.0,1.1,1.3
20190422,8,1316A,63.0,45.0,58.0,47.0,90.0,2.0,4.0,37.0,44.0,59.0,133.0,66.0,68.0,1.2,1.3
20190422,9,1316A,58.0,41.0,57.0,,90.0,2.0,4.0,37.0,44.0,52.0,133.0,67.0,68.0,1.2,1.3
20190422,10,1316A,60.0,43.0,57.0,49.0,88.0,2.0,4.0,36.0,43.0,48.0,133.0,67.0,68.0,1.3,1.3
20190422,11,1316A,69.0,50.0,56.0,71.0,87.0,3.0,4.0,41.0,44.0,39.0,133.0,63.0,68.0,1.4,1.2
20190422,12,1316A,62.0,44.0,56.0,62.0,86.0,2.0,4.0,45.0,44.0,32.0,133.0,57.0,68.0,1.4,1.3
20190422,13,1316A,54.0,38.0,56.0,48.0,84.0,3.0,4.0,50.0,45.0,26.0,133.0,51.0,68.0,1.3,1.3
20190422,14,1316A,50.0,35.0,55.0,41.0,82.0,3.0,4.0,52.0,46.0,22.0,133.0,44.0,68.0,1.3,1.3
20190422,15,1316A,48.0,33.0,54.0,39.0,81.0,3.0,3.0,55.0,48.0,18.0,115.0,37.0,68.0,1.3,1.3
20190422,16,1316A,43.0,30.0,53.0,32.0,80.0,3.0,3.0,56.0,49.0,17.0,102.0,32.0,68.0,1.4,1.3
20190422,17,1316A,42.0,29.0,52.0,33.0,79.0,3.0,3.0,62.0,51.0,12.0,92.0,27.0,68.0,1.4,1.3
20190422,18,1316A,38.0,26.0,51.0,29.0,77.0,3.0,3.0,60.0,52.0,11.0,81.0,22.0,68.0,1.3,1.3
20190422,19,1316A,35.0,24.0,50.0,25.0,75.0,3.0,3.0,61.0,53.0,6.0,81.0,18.0,68.0,1.2,1.3
20190422,20,1316A,35.0,24.0,48.0,,74.0,3.0,3.0,56.0,53.0,5.0,81.0,15.0,68.0,1.1,1.3
20190422,21,1316A,35.0,24.0,47.0,,73.0,3.0,3.0,54.0,51.0,4.0,81.0,12.0,68.0,1.1,1.3
20190422,22,1316A,35.0,24.0,45.0,24.0,68.0,3.0,3.0,57.0,50.0,4.0,81.0,10.0,68.0,1.2,1.3
20190422,23,1316A,40.0,28.0,43.0,40.0,64.0,3.0,3.0,66.0,48.0,5.0,81.0,8.0,68.0,1.4,1.3
20190423,0,1316A,55.0,32.0,42.0,60.0,62.0,4.0,3.0,71.0,49.0,5.0,81.0,6.0,67.0,1.5,1.3
20190423,1,1316A,58.0,31.0,41.0,66.0,60.0,3.0,3.0,70.0,50.0,4.0,81.0,4.0,4.0,1.3,1.3
20190423,2,1316A,57.0,30.0,39.0,63.0,57.0,3.0,3.0,62.0,50.0,4.0,81.0,4.0,4.0,1.2,1.3
20190423,3,1316A,53.0,30.0,38.0,55.0,55.0,4.0,3.0,56.0,50.0,4.0,81.0,4.0,4.0,1.2,1.3
20190423,4,1316A,49.0,31.0,37.0,49.0,53.0,4.0,3.0,52.0,51.0,4.0,79.0,4.0,4.0,1.2,1.3
20190423,5,1316A,57.0,34.0,35.0,63.0,52.0,4.0,3.0,52.0,52.0,4.0,76.0,4.0,4.0,1.2,1.3
20190423,6,1316A,60.0,39.0,34.0,69.0,50.0,4.0,3.0,55.0,53.0,5.0,73.0,4.0,4.0,1.4,1.3
20190423,7,1316A,64.0,45.0,34.0,77.0,50.0,6.0,3.0,57.0,54.0,3.0,59.0,4.0,4.0,1.5,1.3
20190423,8,1316A,75.0,53.0,34.0,99.0,52.0,8.0,3.0,55.0,55.0,6.0,52.0,4.0,4.0,1.7,1.3
20190423,9,1316A,71.0,50.0,34.0,92.0,54.0,9.0,4.0,49.0,55.0,26.0,48.0,7.0,7.0,1.5,1.3
20190423,10,1316A,52.0,32.0,34.0,54.0,54.0,5.0,4.0,25.0,55.0,83.0,83.0,17.0,17.0,1.0,1.3
20190423,11,1316A,46.0,32.0,33.0,35.0,52.0,4.0,4.0,17.0,54.0,110.0,110.0,30.0,30.0,0.8,1.3
20190423,12,1316A,49.0,34.0,33.0,44.0,52.0,4.0,4.0,22.0,53.0,113.0,113.0,44.0,44.0,1.0,1.3
20190423,13,1316A,46.0,32.0,33.0,46.0,52.0,3.0,4.0,15.0,52.0,134.0,134.0,60.0,60.0,0.9,1.3
20190423,14,1316A,54.0,38.0,33.0,53.0,52.0,4.0,4.0,17.0,50.0,142.0,142.0,77.0,77.0,0.9,1.2
20190423,15,1316A,59.0,39.0,33.0,67.0,53.0,4.0,4.0,19.0,49.0,152.0,152.0,96.0,96.0,0.9,1.2
20190423,16,1316A,65.0,45.0,34.0,80.0,56.0,4.0,4.0,24.0,47.0,153.0,153.0,114.0,114.0,1.0,1.2
20190423,17,1316A,67.0,45.0,34.0,84.0,58.0,4.0,4.0,28.0,46.0,159.0,159.0,131.0,131.0,1.0,1.2
20190423,18,1316A,76.0,49.0,35.0,101.0,61.0,4.0,4.0,33.0,45.0,154.0,159.0,140.0,140.0,1.0,1.2
20190423,19,1316A,86.0,47.0,36.0,121.0,66.0,4.0,4.0,39.0,44.0,141.0,159.0,144.0,144.0,1.1,1.2
20190423,20,1316A,81.0,38.0,37.0,112.0,68.0,9.0,4.0,36.0,43.0,105.0,159.0,142.0,144.0,1.0,1.2
20190423,21,1316A,71.0,31.0,37.0,92.0,69.0,9.0,5.0,39.0,42.0,75.0,159.0,135.0,144.0,1.0,1.2
20190423,22,1316A,63.0,27.0,37.0,76.0,71.0,6.0,5.0,41.0,42.0,56.0,159.0,124.0,144.0,1.0,1.2
20190423,23,1316A,66.0,29.0,37.0,81.0,72.0,4.0,5.0,43.0,41.0,53.0,159.0,112.0,144.0,1.0,1.1
20190424,0,1316A,60.0,29.0,37.0,69.0,73.0,5.0,5.0,56.0,40.0,34.0,159.0,97.0,144.0,1.0,1.1
20190424,1,1316A,64.0,30.0,37.0,77.0,73.0,5.0,5.0,66.0,40.0,15.0,159.0,15.0,15.0,1.0,1.1
20190424,2,1316A,66.0,30.0,37.0,81.0,74.0,5.0,5.0,67.0,40.0,8.0,159.0,12.0,15.0,1.0,1.1
20190424,3,1316A,66.0,30.0,37.0,81.0,75.0,5.0,5.0,70.0,41.0,2.0,159.0,8.0,15.0,1.0,1.1
20190424,4,1316A,62.0,32.0,37.0,73.0,76.0,6.0,5.0,65.0,41.0,,159.0,6.0,15.0,1.0,1.1
20190424,5,1316A,65.0,34.0,37.0,80.0,77.0,8.0,5.0,64.0,42.0,,159.0,5.0,15.0,1.1,1.1
20190424,6,1316A,65.0,33.0,37.0,80.0,77.0,7.0,6.0,62.0,42.0,1.0,159.0,4.0,15.0,1.2,1.1
20190424,7,1316A,74.0,39.0,37.0,97.0,78.0,6.0,6.0,58.0,42.0,4.0,159.0,4.0,15.0,1.3,1.1
20190424,8,1316A,78.0,50.0,36.0,106.0,78.0,4.0,5.0,59.0,42.0,5.0,159.0,4.0,15.0,1.2,1.0
20190424,9,1316A,86.0,58.0,37.0,122.0,80.0,4.0,5.0,67.0,43.0,12.0,159.0,4.0,15.0,1.3,1.0
20190424,10,1316A,91.0,58.0,38.0,131.0,83.0,6.0,5.0,70.0,45.0,37.0,159.0,8.0,15.0,1.3,1.0
20190424,11,1316A,79.0,47.0,38.0,108.0,86.0,6.0,5.0,47.0,46.0,90.0,159.0,19.0,19.0,1.0,1.1
20190424,12,1316A,57.0,40.0,39.0,56.0,86.0,4.0,5.0,33.0,47.0,122.0,159.0,34.0,34.0,0.9,1.0
20190424,13,1316A,59.0,42.0,39.0,59.0,87.0,4.0,5.0,23.0,47.0,159.0,159.0,54.0,54.0,0.9,1.0
20190424,14,1316A,64.0,43.0,39.0,65.0,87.0,3.0,5.0,20.0,47.0,171.0,171.0,75.0,75.0,0.8,1.0
20190424,15,1316A,78.0,41.0,39.0,81.0,88.0,3.0,5.0,19.0,47.0,182.0,182.0,97.0,97.0,0.8,1.0
20190424,16,1316A,74.0,34.0,39.0,81.0,88.0,3.0,5.0,17.0,47.0,179.0,182.0,119.0,119.0,0.8,1.0
20190424,17,1316A,67.0,32.0,38.0,84.0,88.0,8.0,5.0,18.0,46.0,162.0,182.0,138.0,138.0,0.8,1.0
20190424,18,1316A,99.0,30.0,38.0,148.0,90.0,6.0,5.0,19.0,46.0,151.0,182.0,152.0,152.0,0.8,1.0
20190424,19,1316A,148.0,26.0,37.0,245.0,95.0,4.0,5.0,22.0,45.0,134.0,182.0,158.0,158.0,0.9,1.0
20190424,20,1316A,72.0,27.0,36.0,93.0,94.0,4.0,5.0,29.0,45.0,113.0,182.0,156.0,158.0,1.0,1.0
20190424,21,1316A,72.0,30.0,36.0,94.0,94.0,4.0,5.0,39.0,45.0,102.0,182.0,149.0,158.0,1.0,1.0
20190424,22,1316A,79.0,32.0,36.0,107.0,96.0,4.0,5.0,43.0,45.0,91.0,182.0,139.0,158.0,1.0,1.0
20190424,23,1316A,73.0,28.0,36.0,,,,,,,,,,,,
20190425,0,1316A,70.0,21.0,36.0,89.0,97.0,2.0,5.0,30.0,43.0,85.0,182.0,116.0,158.0,0.9,1.0
20190425,1,1316A,35.0,21.0,36.0,35.0,95.0,2.0,5.0,36.0,42.0,68.0,182.0,68.0,68.0,0.9,1.0
20190425,2,1316A,56.0,21.0,35.0,62.0,95.0,2.0,5.0,15.0,40.0,55.0,182.0,62.0,68.0,0.7,1.0
20190425,3,1316A,78.0,30.0,35.0,105.0,96.0,2.0,4.0,15.0,38.0,52.0,182.0,58.0,68.0,0.7,1.0
20190425,4,1316A,87.0,30.0,35.0,124.0,98.0,1.0,4.0,13.0,36.0,58.0,182.0,58.0,68.0,0.6,1.0
20190425,5,1316A,74.0,30.0,35.0,97.0,98.0,1.0,4.0,13.0,33.0,57.0,182.0,58.0,68.0,0.6,0.9
20190425,6,1316A,58.0,28.0,35.0,65.0,98.0,1.0,4.0,13.0,31.0,62.0,182.0,59.0,68.0,0.6,0.9
20190425,7,1316A,57.0,24.0,34.0,64.0,96.0,1.0,3.0,12.0,29.0,67.0,182.0,60.0,68.0,0.5,0.9
20190425,8,1316A,70.0,20.0,33.0,90.0,96.0,2.0,3.0,15.0,28.0,66.0,182.0,61.0,68.0,0.6,0.8
20190425,9,1316A,48.0,21.0,32.0,48.0,93.0,1.0,3.0,16.0,25.0,54.0,182.0,59.0,68.0,0.6,0.8
20190425,10,1316A,35.0,21.0,30.0,35.0,89.0,1.0,3.0,16.0,23.0,53.0,182.0,59.0,68.0,0.6,0.8
20190425,11,1316A,42.0,21.0,29.0,42.0,86.0,1.0,3.0,16.0,22.0,58.0,182.0,59.0,68.0,0.7,0.8
20190425,12,1316A,54.0,23.0,28.0,57.0,86.0,1.0,3.0,15.0,21.0,67.0,182.0,60.0,68.0,0.7,0.8
20190425,13,1316A,62.0,25.0,27.0,73.0,87.0,2.0,3.0,14.0,21.0,77.0,182.0,63.0,68.0,0.7,0.8
20190425,14,1316A,44.0,25.0,27.0,44.0,86.0,1.0,3.0,15.0,21.0,80.0,182.0,65.0,68.0,0.7,0.8
20190425,15,1316A,38.0,25.0,26.0,38.0,84.0,1.0,2.0,16.0,20.0,82.0,179.0,67.0,68.0,0.7,0.8
20190425,16,1316A,37.0,23.0,26.0,37.0,82.0,2.0,2.0,16.0,20.0,83.0,162.0,69.0,69.0,0.7,0.7
20190425,17,1316A,41.0,21.0,25.0,41.0,80.0,2.0,2.0,17.0,20.0,83.0,151.0,73.0,73.0,0.7,0.7
20190425,18,1316A,37.0,24.0,25.0,37.0,76.0,2.0,2.0,18.0,20.0,82.0,134.0,76.0,76.0,0.7,0.7
20190425,19,1316A,40.0,26.0,25.0,40.0,67.0,2.0,2.0,21.0,20.0,81.0,113.0,79.0,79.0,0.7,0.7
20190425,20,1316A,61.0,26.0,25.0,71.0,66.0,1.0,2.0,21.0,20.0,78.0,102.0,81.0,81.0,0.7,0.7
20190425,21,1316A,61.0,28.0,25.0,71.0,65.0,2.0,2.0,22.0,19.0,72.0,91.0,80.0,81.0,0.7,0.7
20190425,22,1316A,108.0,28.0,25.0,166.0,68.0,2.0,2.0,27.0,19.0,61.0,88.0,78.0,81.0,0.7,0.7
20190425,23,1316A,,31.0,25.0,,65.0,2.0,2.0,27.0,18.0,56.0,85.0,74.0,81.0,0.7,0.7
20190426,0,1316A,46.0,32.0,25.0,40.0,63.0,3.0,2.0,23.0,18.0,54.0,83.0,71.0,81.0,0.7,0.7
20190426,1,1316A,46.0,32.0,26.0,,64.0,2.0,2.0,26.0,18.0,44.0,83.0,44.0,44.0,0.7,0.7
20190426,2,1316A,49.0,34.0,26.0,,64.0,2.0,2.0,26.0,18.0,43.0,83.0,44.0,44.0,0.7,0.7
20190426,3,1316A,55.0,35.0,26.0,60.0,62.0,2.0,2.0,23.0,18.0,55.0,83.0,47.0,47.0,0.7,0.7
20190426,4,1316A,46.0,32.0,26.0,40.0,58.0,2.0,2.0,24.0,19.0,66.0,83.0,52.0,52.0,0.6,0.7
20190426,5,1316A,,36.0,27.0,,56.0,2.0,2.0,34.0,20.0,42.0,83.0,50.0,52.0,0.7,0.7
20190426,6,1316A,58.0,41.0,27.0,47.0,55.0,4.0,2.0,23.0,20.0,48.0,83.0,50.0,52.0,0.8,0.7
20190426,7,1316A,59.0,42.0,28.0,47.0,54.0,2.0,2.0,22.0,21.0,48.0,83.0,49.0,52.0,0.8,0.7
20190426,8,1316A,62.0,44.0,29.0,49.0,52.0,3.0,2.0,26.0,21.0,41.0,83.0,48.0,52.0,0.8,0.7
20190426,9,1316A,65.0,47.0,30.0,57.0,53.0,3.0,2.0,28.0,22.0,38.0,83.0,48.0,52.0,0.8,0.7
20190426,10,1316A,65.0,47.0,31.0,58.0,54.0,3.0,2.0,27.0,22.0,44.0,83.0,48.0,52.0,0.8,0.7
20190426,11,1316A,63.0,45.0,32.0,71.0,55.0,2.0,2.0,25.0,22.0,47.0,83.0,47.0,52.0,0.8,0.7
20190426,12,1316A,57.0,40.0,33.0,49.0,55.0,2.0,2.0,20.0,23.0,62.0,83.0,46.0,52.0,0.8,0.7
20190426,13,1316A,52.0,36.0,33.0,51.0,54.0,2.0,2.0,18.0,23.0,78.0,83.0,51.0,52.0,0.7,0.7
20190426,14,1316A,52.0,31.0,34.0,54.0,54.0,2.0,2.0,17.0,23.0,96.0,96.0,57.0,57.0,0.6,0.7
20190426,15,1316A,57.0,40.0,34.0,62.0,55.0,2.0,2.0,18.0,23.0,90.0,96.0,62.0,62.0,0.7,0.7
20190426,16,1316A,73.0,53.0,35.0,66.0,56.0,2.0,2.0,18.0,23.0,90.0,96.0,68.0,68.0,0.7,0.7
20190426,17,1316A,74.0,54.0,37.0,84.0,58.0,2.0,2.0,18.0,23.0,92.0,96.0,75.0,75.0,0.7,0.7
20190426,18,1316A,75.0,55.0,38.0,76.0,60.0,2.0,2.0,20.0,23.0,92.0,96.0,81.0,81.0,0.8,0.7
20190426,19,1316A,79.0,58.0,39.0,74.0,62.0,2.0,2.0,23.0,23.0,88.0,96.0,86.0,86.0,0.8,0.7
20190426,20,1316A,84.0,62.0,41.0,72.0,62.0,2.0,2.0,22.0,23.0,88.0,96.0,89.0,89.0,0.8,0.7
20190426,21,1316A,87.0,64.0,42.0,83.0,62.0,2.0,2.0,28.0,23.0,75.0,96.0,89.0,89.0,0.8,0.7
20190426,22,1316A,89.0,66.0,44.0,86.0,59.0,2.0,2.0,36.0,24.0,64.0,96.0,85.0,89.0,0.8,0.7
20190426,23,1316A,87.0,64.0,45.0,87.0,61.0,3.0,2.0,38.0,24.0,62.0,96.0,81.0,89.0,0.8,0.7
20190427,0,1316A,83.0,61.0,47.0,77.0,63.0,4.0,2.0,30.0,25.0,75.0,96.0,80.0,89.0,0.7,0.7
20190427,1,1316A,77.0,56.0,48.0,77.0,64.0,3.0,2.0,25.0,25.0,82.0,96.0,82.0,82.0,0.7,0.7
20190427,2,1316A,75.0,55.0,48.0,81.0,64.0,3.0,2.0,27.0,25.0,80.0,96.0,81.0,82.0,0.7,0.7
20190427,3,1316A,77.0,56.0,49.0,77.0,65.0,4.0,2.0,29.0,25.0,78.0,96.0,80.0,82.0,0.7,0.7
20190427,4,1316A,79.0,58.0,50.0,70.0,66.0,4.0,3.0,29.0,25.0,74.0,96.0,78.0,82.0,0.7,0.7
20190427,5,1316A,85.0,63.0,52.0,68.0,68.0,6.0,3.0,34.0,25.0,61.0,96.0,75.0,82.0,0.7,0.8
20190427,6,1316A,93.0,69.0,53.0,84.0,69.0,7.0,3.0,44.0,26.0,42.0,96.0,70.0,82.0,0.8,0.8
20190427,7,1316A,88.0,65.0,54.0,90.0,71.0,6.0,3.0,45.0,27.0,40.0,96.0,65.0,82.0,0.8,0.7
20190427,8,1316A,72.0,52.0,54.0,77.0,72.0,6.0,3.0,37.0,27.0,55.0,96.0,64.0,82.0,0.7,0.7
20190427,9,1316A,59.0,42.0,54.0,62.0,72.0,5.0,3.0,38.0,28.0,61.0,96.0,61.0,82.0,0.6,0.7
20190427,10,1316A,,,,,,,,,,,,,,,
20190427,11,1316A,,,55.0,,73.0,,,,28.0,,96.0,56.0,82.0,,0.7
20190427,12,1316A,54.0,35.0,54.0,58.0,73.0,4.0,3.0,22.0,28.0,99.0,99.0,60.0,82.0,0.6,0.7
20190427,13,1316A,52.0,35.0,54.0,54.0,74.0,4.0,4.0,21.0,28.0,100.0,100.0,66.0,82.0,0.7,0.7
20190427,14,1316A,53.0,35.0,54.0,56.0,74.0,4.0,4.0,21.0,28.0,101.0,101.0,76.0,82.0,0.7,0.7
20190427,15,1316A,55.0,36.0,54.0,60.0,74.0,3.0,4.0,20.0,28.0,101.0,101.0,86.0,86.0,0.6,0.7
20190427,16,1316A,62.0,39.0,54.0,74.0,74.0,2.0,4.0,28.0,29.0,87.0,101.0,92.0,92.0,0.7,0.7
20190427,17,1316A,53.0,37.0,53.0,51.0,72.0,2.0,4.0,35.0,30.0,75.0,101.0,94.0,94.0,0.7,0.7
20190427,18,1316A,53.0,37.0,52.0,41.0,71.0,2.0,4.0,34.0,30.0,75.0,101.0,91.0,94.0,0.7,0.7
20190427,19,1316A,,39.0,51.0,,69.0,2.0,4.0,35.0,31.0,64.0,101.0,88.0,94.0,0.7,0.7
20190427,20,1316A,,42.0,50.0,,68.0,2.0,4.0,27.0,31.0,70.0,101.0,84.0,94.0,0.7,0.7
20190427,21,1316A,,44.0,49.0,,66.0,2.0,4.0,23.0,31.0,78.0,101.0,81.0,94.0,0.7,0.7
20190427,22,1316A,,48.0,49.0,,63.0,2.0,4.0,25.0,30.0,69.0,101.0,77.0,94.0,0.7,0.7
20190427,23,1316A,,52.0,48.0,,61.0,2.0,4.0,22.0,30.0,66.0,101.0,73.0,94.0,0.7,0.7
20190428,0,1316A,,56.0,48.0,,59.0,2.0,4.0,25.0,29.0,57.0,101.0,69.0,94.0,0.7,0.7
20190428,1,1316A,,58.0,48.0,,58.0,2.0,3.0,23.0,29.0,58.0,101.0,58.0,58.0,0.7,0.7
20190428,2,1316A,84.0,62.0,48.0,66.0,57.0,2.0,3.0,24.0,29.0,51.0,101.0,54.0,58.0,0.8,0.7
20190428,3,1316A,,61.0,48.0,,56.0,2.0,3.0,22.0,29.0,55.0,101.0,55.0,58.0,0.8,0.7
20190428,4,1316A,,66.0,49.0,,56.0,4.0,3.0,23.0,29.0,48.0,101.0,53.0,58.0,0.8,0.7
20190428,5,1316A,,69.0,49.0,,55.0,4.0,3.0,23.0,28.0,47.0,101.0,52.0,58.0,0.8,0.7
20190428,6,1316A,,71.0,49.0,,54.0,3.0,3.0,29.0,27.0,32.0,101.0,48.0,58.0,0.8,0.7
20190428,7,1316A,,70.0,49.0,,53.0,4.0,3.0,32.0,27.0,32.0,101.0,46.0,58.0,0.8,0.7
20190428,8,1316A,,69.0,50.0,,52.0,4.0,3.0,30.0,26.0,44.0,101.0,46.0,58.0,0.9,0.7
20190428,9,1316A,,62.0,51.0,,52.0,5.0,3.0,23.0,26.0,74.0,101.0,48.0,58.0,0.8,0.7
20190428,10,1316A,,62.0,52.0,,52.0,5.0,3.0,24.0,26.0,79.0,101.0,51.0,58.0,0.8,0.7
20190428,11,1316A,,63.0,52.0,,52.0,4.0,3.0,22.0,26.0,89.0,101.0,56.0,58.0,0.9,0.7
20190428,12,1316A,,,53.0,,51.0,3.0,3.0,19.0,25.0,103.0,103.0,62.0,62.0,0.9,0.8
20190428,13,1316A,,,54.0,,51.0,3.0,3.0,,26.0,,103.0,65.0,65.0,0.8,0.8
20190428,14,1316A,,46.0,54.0,,50.0,,3.0,12.0,25.0,134.0,134.0,79.0,79.0,,0.8
20190428,15,1316A,,45.0,54.0,,49.0,2.0,3.0,13.0,25.0,139.0,139.0,95.0,95.0,0.6,0.8
20190428,16,1316A,,45.0,55.0,,48.0,2.0,3.0,15.0,24.0,140.0,140.0,108.0,108.0,0.6,0.8
20190428,17,1316A,,45.0,55.0,,47.0,2.0,3.0,20.0,24.0,139.0,140.0,118.0,118.0,0.6,0.8
20190428,18,1316A,,49.0,56.0,,47.0,2.0,3.0,27.0,23.0,128.0,140.0,125.0,125.0,0.7,0.8
20190428,19,1316A,73.0,53.0,56.0,62.0,48.0,2.0,3.0,32.0,23.0,117.0,140.0,129.0,129.0,0.7,0.8
20190428,20,1316A,74.0,54.0,57.0,60.0,49.0,3.0,3.0,40.0,24.0,90.0,140.0,127.0,129.0,0.7,0.8
20190428,21,1316A,82.0,60.0,58.0,76.0,51.0,5.0,3.0,32.0,24.0,86.0,140.0,122.0,129.0,0.6,0.7
20190428,22,1316A,79.0,58.0,58.0,67.0,53.0,3.0,3.0,33.0,25.0,80.0,140.0,115.0,129.0,0.6,0.7
20190428,23,1316A,,60.0,58.0,,53.0,4.0,3.0,45.0,26.0,51.0,140.0,104.0,129.0,0.7,0.7
20190429,0,1316A,,61.0,59.0,,54.0,4.0,3.0,67.0,27.0,17.0,140.0,88.0,129.0,0.8,0.7
20190429,1,1316A,,60.0,59.0,,55.0,4.0,3.0,70.0,29.0,12.0,140.0,12.0,12.0,0.8,0.8
20190429,2,1316A,84.0,62.0,59.0,84.0,56.0,4.0,3.0,58.0,31.0,24.0,140.0,18.0,18.0,0.9,0.8
20190429,3,1316A,87.0,64.0,59.0,74.0,56.0,4.0,3.0,74.0,33.0,8.0,140.0,15.0,18.0,0.9,0.8
20190429,4,1316A,,66.0,59.0,,57.0,6.0,4.0,72.0,35.0,4.0,140.0,12.0,18.0,0.9,0.8
20190429,5,1316A,90.0,67.0,59.0,74.0,58.0,10.0,4.0,67.0,37.0,4.0,140.0,10.0,18.0,0.9,0.8
20190429,6,1316A,90.0,67.0,59.0,81.0,59.0,11.0,4.0,66.0,39.0,4.0,140.0,9.0,18.0,1.0,0.8
20190429,7,1316A,90.0,67.0,58.0,74.0,59.0,9.0,4.0,62.0,40.0,8.0,140.0,9.0,18.0,0.9,0.8
20190429,8,1316A,89.0,66.0,58.0,68.0,60.0,9.0,5.0,60.0,41.0,16.0,140.0,10.0,18.0,0.9,0.8
20190429,9,1316A,,64.0,58.0,,60.0,8.0,5.0,63.0,43.0,20.0,140.0,11.0,18.0,1.0,0.8
20190429,10,1316A,84.0,62.0,58.0,73.0,61.0,7.0,5.0,65.0,45.0,28.0,140.0,12.0,18.0,1.1,0.8
20190429,11,1316A,87.0,64.0,58.0,87.0,62.0,9.0,5.0,55.0,46.0,51.0,140.0,17.0,18.0,1.1,0.8
20190429,12,1316A,84.0,62.0,59.0,89.0,64.0,9.0,5.0,40.0,47.0,85.0,140.0,27.0,27.0,1.2,0.8
20190429,13,1316A,85.0,63.0,59.0,87.0,65.0,9.0,6.0,35.0,47.0,111.0,140.0,40.0,40.0,1.1,0.8
20190429,14,1316A,84.0,62.0,59.0,84.0,66.0,10.0,6.0,28.0,47.0,148.0,148.0,58.0,58.0,1.1,0.9
20190429,15,1316A,79.0,58.0,60.0,81.0,68.0,9.0,6.0,23.0,48.0,180.0,180.0,80.0,80.0,1.1,0.9
20190429,16,1316A,97.0,56.0,60.0,78.0,70.0,8.0,6.0,21.0,48.0,197.0,197.0,102.0,102.0,1.1,0.9
20190429,17,1316A,98.0,56.0,61.0,78.0,71.0,7.0,6.0,26.0,48.0,198.0,198.0,125.0,125.0,1.0,0.9
20190429,18,1316A,98.0,73.0,62.0,109.0,74.0,6.0,7.0,56.0,50.0,130.0,198.0,138.0,138.0,1.1,0.9
20190429,19,1316A,101.0,68.0,62.0,152.0,78.0,7.0,7.0,39.0,50.0,151.0,198.0,150.0,150.0,1.0,0.9
20190429,20,1316A,103.0,63.0,63.0,155.0,82.0,10.0,7.0,36.0,50.0,134.0,198.0,156.0,156.0,1.0,1.0
20190429,21,1316A,87.0,59.0,63.0,123.0,84.0,7.0,7.0,44.0,50.0,100.0,198.0,155.0,156.0,1.0,1.0
20190429,22,1316A,80.0,54.0,63.0,110.0,86.0,5.0,7.0,52.0,51.0,76.0,198.0,146.0,156.0,1.0,1.0
20190429,23,1316A,77.0,54.0,62.0,104.0,88.0,5.0,7.0,64.0,52.0,55.0,198.0,130.0,156.0,1.0,1.0
20190430,0,1316A,82.0,55.0,62.0,113.0,90.0,6.0,7.0,68.0,52.0,51.0,198.0,112.0,156.0,1.0,1.0
20190430,1,1316A,93.0,57.0,62.0,135.0,93.0,7.0,8.0,90.0,53.0,19.0,198.0,19.0,19.0,1.0,1.0
20190430,2,1316A,107.0,61.0,62.0,163.0,97.0,8.0,8.0,89.0,54.0,13.0,198.0,16.0,19.0,1.0,1.0
20190430,3,1316A,97.0,64.0,62.0,144.0,100.0,7.0,8.0,90.0,55.0,6.0,198.0,13.0,19.0,1.0,1.0
20190430,4,1316A,95.0,66.0,62.0,139.0,103.0,6.0,8.0,88.0,55.0,5.0,198.0,11.0,19.0,1.0,1.0
20190430,5,1316A,90.0,67.0,62.0,130.0,105.0,5.0,8.0,84.0,56.0,4.0,198.0,9.0,19.0,1.0,1.0
20190430,6,1316A,87.0,64.0,62.0,108.0,106.0,4.0,7.0,79.0,57.0,5.0,198.0,9.0,19.0,1.0,1.0
20190430,7,1316A,84.0,62.0,62.0,101.0,107.0,5.0,7.0,73.0,57.0,9.0,198.0,9.0,19.0,1.2,1.0
20190430,8,1316A,81.0,55.0,61.0,112.0,109.0,9.0,7.0,71.0,57.0,26.0,198.0,11.0,19.0,1.3,1.1
20190430,9,1316A,107.0,76.0,62.0,164.0,113.0,17.0,8.0,39.0,56.0,88.0,198.0,20.0,20.0,1.6,1.1
20190430,10,1316A,130.0,72.0,62.0,209.0,119.0,17.0,8.0,33.0,55.0,94.0,198.0,30.0,30.0,1.4,1.1
20190430,11,1316A,161.0,66.0,62.0,271.0,127.0,13.0,8.0,24.0,54.0,99.0,198.0,41.0,41.0,1.1,1.1
20190430,12,1316A,164.0,68.0,62.0,277.0,134.0,11.0,8.0,21.0,53.0,105.0,198.0,54.0,54.0,0.9,1.1
20190430,13,1316A,156.0,57.0,62.0,262.0,142.0,10.0,8.0,16.0,52.0,119.0,198.0,68.0,68.0,0.8,1.1
20190430,14,1316A,152.0,49.0,62.0,254.0,149.0,8.0,8.0,15.0,52.0,127.0,198.0,83.0,83.0,0.7,1.1
20190430,15,1316A,143.0,47.0,61.0,235.0,155.0,8.0,8.0,18.0,52.0,138.0,198.0,100.0,100.0,0.7,1.0
20190430,16,1316A,139.0,48.0,61.0,228.0,162.0,9.0,8.0,24.0,52.0,142.0,198.0,114.0,114.0,0.7,1.0
20190430,17,1316A,139.0,48.0,61.0,228.0,168.0,9.0,8.0,31.0,52.0,140.0,151.0,120.0,120.0,0.7,1.0
20190430,18,1316A,148.0,46.0,59.0,245.0,173.0,9.0,8.0,33.0,51.0,136.0,151.0,126.0,126.0,0.7,1.0
20190430,19,1316A,159.0,46.0,58.0,268.0,178.0,8.0,8.0,32.0,51.0,126.0,142.0,129.0,129.0,0.7,1.0
20190430,20,1316A,155.0,52.0,58.0,260.0,183.0,8.0,8.0,44.0,51.0,106.0,142.0,129.0,129.0,0.8,1.0
20190430,21,1316A,157.0,51.0,58.0,264.0,188.0,7.0,8.0,49.0,51.0,89.0,142.0,126.0,129.0,0.8,1.0
20190430,22,1316A,157.0,50.0,58.0,264.0,195.0,7.0,8.0,55.0,51.0,70.0,142.0,118.0,129.0,0.8,1.0
20190430,23,1316A,166.0,50.0,57.0,282.0,202.0,6.0,8.0,93.0,52.0,24.0,142.0,104.0,129.0,0.9,0.9
